"Combinations","Played","Draws"
"01 02",34,"2311,2168,2120,2114,2091,2068,2049,2015,1986,1974,1840,1763,1750,1735,1693,1539,1426,1138,1090,967,9"
"01 03",36,"2235,2208,2180,2158,2146,2125,1978,1890,1854,1844,1674,1587,1561,1477,1453,1354,1220,1104,1027,1020,"
"01 04",37,"2191,2180,2141,2120,2118,2102,2087,2015,1937,1936,1890,1665,1635,1456,1423,1136,1088,979,957,902,868"
"01 05",45,"2323,2287,2247,2244,2235,2225,2169,2104,2102,2088,2033,2020,1885,1877,1763,1674,1522,1449,1423,1333,"
"01 06",49,"2323,2247,2146,2144,2136,2095,2077,2049,2017,1933,1928,1893,1862,1844,1842,1772,1750,1627,1571,1563,"
"01 07",42,"2159,2120,2102,2101,1986,1933,1880,1854,1840,1801,1798,1766,1735,1556,1551,1544,1477,1430,1345,1324,"
"01 08",38,"2311,2049,2045,2017,1974,1890,1862,1669,1573,1561,1551,1546,1539,1454,1446,1421,1367,1314,1281,1215,"
"01 09",43,"2169,2125,2117,1978,1936,1909,1772,1766,1750,1722,1695,1694,1693,1631,1587,1573,1446,1387,1380,1107,"
"01 10",36,"2211,2159,2087,1972,1952,1936,1926,1855,1665,1571,1531,1456,1367,1314,1308,1215,1104,1083,973,972,91"
"01 11",41,"2287,2244,2159,2144,2117,2104,2101,2020,1958,1854,1821,1695,1546,1487,1447,1438,1317,1308,1183,1059,"
"01 12",44,"2266,2121,2095,2091,2063,1802,1793,1779,1669,1665,1535,1454,1438,1387,1333,1331,1278,1247,1234,1072,"
"01 13",38,"2235,2168,2077,2071,1952,1926,1880,1816,1801,1793,1766,1735,1631,1487,1454,1421,1267,1258,1230,1136,"
"01 14",36,"2225,2208,2101,1937,1888,1885,1855,1722,1535,1531,1524,1400,1354,1324,1300,1171,1121,1072,865,862,62"
"01 15",41,"2304,2244,2159,1951,1913,1890,1877,1779,1669,1610,1477,1421,1387,1234,1220,1188,1086,1072,1013,979,8"
"01 16",41,"2090,2063,2008,1909,1893,1888,1885,1840,1748,1627,1449,1230,1188,1112,1086,1066,1062,1059,1001,899,8"
"01 17",32,"2311,2091,2090,2068,2049,1951,1880,1816,1779,1587,1573,1544,1535,1500,1380,1331,1300,1104,1095,1066,"
"01 18",26,"2141,2087,1877,1802,1801,1779,1693,1674,1665,1547,1453,1426,1403,1188,1001,830,659,620,538,512,1036,"
"01 19",35,"2211,2134,2008,1978,1926,1854,1844,1694,1571,1556,1551,1403,1278,1258,1150,1128,1121,1086,1013,974,8"
"01 20",45,"2208,2169,2136,2088,2077,2068,2033,1986,1972,1748,1698,1695,1571,1547,1500,1403,1350,1345,1314,1281,"
"01 21",44,"2266,2144,2088,2071,1974,1958,1888,1698,1694,1610,1561,1547,1456,1446,1430,1354,1278,1132,1128,1112,"
"01 22",41,"2304,2169,2158,2118,2095,2045,2017,2008,1958,1937,1913,1554,1551,1524,1418,1403,1350,1233,1169,1163,"
"01 23",45,"2323,2287,2266,2141,2136,2125,2118,2102,2091,2087,2068,2063,2015,2008,1951,1798,1610,1563,1547,1500,"
"01 24",34,"2235,2104,1928,1893,1693,1554,1447,1418,1412,1400,1234,1215,1183,1132,1095,1088,1066,1062,1027,989,9"
"01 25",39,"2146,2090,2033,1986,1952,1763,1750,1556,1554,1546,1531,1447,1430,1331,1233,1169,1121,1000,972,967,96"
"01 26",33,"2180,2146,2121,2117,2063,1893,1844,1842,1589,1544,1539,1412,1324,1247,1212,1171,1132,957,852,662,555"
"01 27",43,"2304,2211,2168,2118,2095,2071,1842,1840,1816,1766,1635,1610,1554,1524,1438,1426,1233,1212,1136,1128,"
"01 28",45,"2225,2158,2134,2120,2114,1952,1933,1885,1877,1801,1772,1748,1695,1631,1531,1524,1456,1380,1314,1308,"
"01 29",44,"2191,2168,2121,2104,2033,1816,1793,1735,1589,1563,1449,1400,1333,1308,1300,1234,1230,1220,1183,1171,"
"01 30",50,"2323,2311,2247,2244,2191,2134,2117,2090,2077,2020,2017,1978,1933,1928,1926,1913,1909,1880,1862,1821,"
"01 31",41,"2304,2287,2266,2158,2134,2121,2071,1972,1888,1802,1793,1748,1627,1522,1447,1412,1345,1331,1150,1066,"
"01 32",38,"2191,2125,2088,2045,2020,2015,1974,1972,1958,1928,1913,1798,1722,1587,1522,1500,1446,1345,1317,1268,"
"01 33",49,"2247,2225,2208,2144,2114,2045,1937,1936,1909,1802,1763,1589,1563,1561,1522,1477,1453,1380,1350,1333,"
"01 34",40,"2211,2180,2136,2101,1855,1821,1798,1694,1674,1669,1635,1546,1544,1487,1418,1412,1367,1350,1085,1083,"
"01 35",33,"2141,2114,1951,1862,1855,1842,1821,1698,1627,1535,1454,1449,1430,1400,1317,1268,1230,973,967,868,713"
"01 36",18,"1163,1121,1118,1001,1000,944,902,775,766,614,565,452,431,244,143,36,33,25,"
"02 03",37,"2271,2241,2164,2072,1990,1945,1810,1808,1712,1683,1671,1608,1548,1515,1461,1398,1291,1237,1179,1076,"
"02 04",37,"2209,2161,2126,2122,2120,2015,1982,1945,1894,1828,1824,1733,1714,1575,1519,1467,1392,1359,1306,1251,"
"02 05",33,"2204,2161,1990,1979,1956,1908,1787,1763,1762,1700,1673,1629,1608,1468,1452,1409,1359,1244,1063,885,8"
"02 06",38,"2305,2268,2255,2193,2178,2170,2148,2127,2049,1786,1750,1743,1730,1539,1515,1461,1460,1341,1306,1164,"
"02 07",45,"2204,2187,2120,2072,2069,2031,1986,1840,1808,1757,1735,1719,1536,1519,1514,1507,1492,1483,1460,1411,"
"02 08",31,"2311,2233,2226,2127,2106,2049,1974,1828,1786,1671,1583,1575,1539,1492,1452,1138,985,959,716,693,657,"
"02 09",40,"2320,2223,2151,2122,2112,2106,2080,1908,1757,1750,1693,1683,1673,1629,1602,1541,1432,1404,1304,1256,"
"02 10",39,"2268,2243,2233,2223,2182,2148,2122,2106,2086,2011,1946,1719,1664,1608,1598,1572,1552,1467,1392,1341,"
"02 11",39,"2325,2271,2260,2245,2241,2164,2151,2111,2079,1700,1676,1602,1514,1483,1467,1455,1409,1404,1321,1239,"
"02 12",35,"2092,2091,2079,2053,1991,1861,1824,1714,1664,1619,1575,1572,1515,1452,1443,1432,1141,1076,1012,985,9"
"02 13",35,"2302,2230,2209,2168,2126,2069,2010,1956,1787,1757,1735,1602,1411,1355,1251,1174,1165,1141,1084,1063,"
"02 14",36,"2178,2148,1824,1788,1709,1676,1667,1629,1552,1548,1541,1492,1461,1398,1263,1239,1174,1159,1135,1067,"
"02 15",28,"2325,2245,2215,2111,2010,1990,1733,1676,1667,1519,1341,1244,1187,1099,986,896,888,850,731,687,663,59"
"02 16",44,"2302,2204,2092,2078,2072,2053,1979,1840,1784,1712,1700,1676,1673,1604,1507,1468,1455,1293,1256,1023,"
"02 17",36,"2311,2268,2243,2230,2091,2068,2049,1828,1825,1797,1786,1760,1700,1460,1359,1304,1179,1165,1152,1091,"
"02 18",34,"2320,2302,2245,2241,2230,2224,2213,2193,2187,2170,2034,2018,1788,1784,1760,1733,1693,1602,1583,1541,"
"02 19",32,"2320,2241,2151,2148,2086,2069,2018,1990,1982,1841,1808,1784,1743,1709,1552,1398,1355,1186,1067,1063,"
"02 20",28,"2255,2240,2233,2223,2068,2057,2034,2018,1986,1956,1762,1733,1321,1306,1187,1165,1145,1135,1110,986,9"
"02 21",30,"2330,2182,2170,2113,2086,1974,1825,1797,1788,1787,1719,1667,1604,1583,1575,1536,1293,1174,823,710,62"
"02 22",32,"2330,2255,2226,2182,2178,2086,2011,1957,1824,1810,1784,1671,1598,1392,1389,1256,1145,1090,963,945,84"
"02 23",35,"2325,2260,2255,2213,2106,2091,2068,2034,2015,1957,1810,1730,1719,1629,1583,1443,1404,1389,1304,1291,"
"02 24",34,"2305,2260,2226,2209,2182,2151,2113,2031,1945,1797,1743,1730,1693,1619,1548,1536,1390,1263,1237,1099,"
"02 25",48,"2325,2268,2245,2243,2224,2122,2112,2080,2079,2057,1986,1946,1945,1861,1797,1763,1760,1750,1714,1671,"
"02 26",37,"2308,2271,2240,2223,2193,2126,2092,2079,2031,1979,1957,1894,1841,1787,1762,1539,1507,1383,1370,1293,"
"02 27",54,"2330,2320,2215,2213,2170,2168,2164,2080,2053,2018,1991,1840,1825,1788,1762,1683,1572,1460,1443,1426,"
"02 28",39,"2330,2308,2305,2226,2193,2187,2120,2114,2092,2072,2031,1991,1957,1841,1810,1683,1604,1598,1514,1492,"
"02 29",35,"2308,2168,2161,2113,2080,2078,2010,1956,1908,1894,1861,1760,1735,1673,1608,1483,1432,1411,1398,1390,"
"02 30",34,"2311,2308,2302,2240,2233,2112,2111,2069,2053,2011,1894,1861,1743,1712,1709,1598,1536,1455,1443,1426,"
"02 31",32,"2305,2271,2178,2126,2113,2057,1982,1825,1712,1619,1541,1519,1514,1165,959,943,935,896,895,885,841,82"
"02 32",45,"2243,2224,2215,2213,2209,2204,2057,2034,2015,1974,1841,1808,1757,1548,1461,1390,1389,1383,1341,1321,"
"02 33",33,"2215,2187,2127,2114,2112,2078,2011,1991,1979,1946,1828,1763,1572,1468,1390,1355,1304,1186,1164,1138,"
"02 34",35,"2260,2240,2224,2164,2161,1730,1714,1709,1667,1664,1619,1455,1432,1392,1370,1359,1239,1186,1179,1152,"
"02 35",34,"2230,2127,2114,2111,2078,2010,1982,1946,1908,1786,1552,1507,1306,1164,1110,967,963,850,847,820,657,5"
"02 36",26,"1164,1158,1125,1030,1008,986,943,872,869,847,843,834,766,614,591,467,447,1055,1034,431,340,303,267,2"
"03 04",42,"2301,2217,2206,2180,2100,2093,2061,2023,1945,1900,1890,1681,1663,1485,1472,1436,1416,1388,1339,1334,"
"03 05",37,"2317,2235,2131,2093,2044,2030,1990,1922,1869,1724,1707,1674,1608,1559,1463,1444,1425,1416,1339,1246,"
"03 06",41,"2292,2262,2160,2146,2105,2065,2061,2042,2021,1938,1844,1807,1581,1542,1515,1473,1472,1461,1453,1433,"
"03 07",46,"2317,2301,2160,2156,2100,2082,2072,2065,2021,1971,1900,1869,1854,1808,1806,1668,1576,1537,1481,1479,"
"03 08",42,"2317,2286,2272,2156,1971,1890,1869,1792,1770,1699,1671,1581,1561,1513,1463,1388,1361,1339,1279,1257,"
"03 09",36,"2289,2280,2228,2206,2177,2125,2093,2041,1978,1918,1910,1792,1741,1683,1668,1633,1587,1581,1481,1279,"
"03 10",30,"2206,2021,1807,1633,1608,1607,1559,1513,1478,1361,1309,1291,1176,1153,1104,1076,993,932,828,732,731,"
"03 11",35,"2318,2292,2283,2273,2271,2241,2238,2164,2105,1938,1918,1866,1854,1833,1776,1752,1707,1495,1479,1309,"
"03 12",37,"2131,2093,2084,2082,2081,2023,1876,1827,1752,1707,1681,1614,1607,1515,1501,1495,1481,1361,1276,1249,"
"03 13",42,"2322,2289,2286,2279,2273,2235,2206,1989,1922,1866,1843,1833,1806,1792,1759,1681,1663,1576,1425,1361,"
"03 14",28,"2286,2279,2254,2208,2021,1960,1910,1827,1581,1548,1461,1398,1354,929,876,862,826,816,732,731,649,606"
"03 15",47,"2280,2254,2228,2199,2105,2084,2030,2023,2016,1990,1918,1900,1890,1843,1770,1553,1542,1513,1477,1434,"
"03 16",45,"2318,2199,2083,2072,2060,2044,2016,1806,1712,1607,1537,1501,1416,1351,1342,1309,1192,1153,1089,1016,"
"03 17",42,"2318,2283,2280,2279,2262,2130,2083,2082,2060,1981,1922,1759,1741,1663,1633,1587,1537,1501,1479,1463,"
"03 18",31,"2280,2279,2241,2228,2023,1806,1790,1674,1663,1453,1444,1433,1357,999,873,837,722,696,664,653,583,512"
"03 19",29,"2273,2262,2241,2217,2199,2084,1990,1978,1876,1854,1844,1808,1614,1607,1398,1323,1261,1236,1199,1134,"
"03 20",23,"2312,2217,2208,2060,2044,1790,1752,1559,1553,1478,1434,1261,1249,1015,876,696,1652,315,223,220,102,7"
"03 21",40,"2318,2289,2254,2238,2199,2156,2100,2083,2061,2041,1770,1561,1485,1473,1357,1354,1257,1246,1134,1089,"
"03 22",29,"2322,2158,2131,2016,1900,1833,1827,1810,1792,1724,1681,1671,1495,1436,1101,879,873,816,551,506,478,4"
"03 23",33,"2317,2312,2238,2177,2125,2083,2081,1960,1892,1876,1869,1810,1807,1559,1542,1354,1291,1098,976,873,86"
"03 24",36,"2312,2289,2238,2235,2192,2160,2156,2044,2042,2030,1989,1960,1945,1548,1472,1434,1266,1261,1237,1173,"
"03 25",40,"2312,2292,2192,2146,2130,2084,2081,2061,2041,1945,1892,1843,1776,1671,1614,1553,1542,1515,1444,1357,"
"03 26",43,"2322,2292,2273,2271,2217,2192,2180,2160,2146,2130,1989,1981,1910,1892,1844,1843,1553,1485,1481,1463,"
"03 27",33,"2322,2177,2164,2130,2082,2042,1938,1770,1699,1683,1668,1200,1179,1176,1104,960,959,862,696,660,640,5"
"03 28",50,"2286,2283,2254,2158,2105,2072,2065,1981,1971,1953,1892,1866,1810,1683,1479,1478,1436,1416,1347,1323,"
"03 29",35,"2283,2030,1960,1827,1790,1759,1741,1608,1501,1473,1398,1347,1342,1279,1266,1261,1249,1220,1209,1115,"
"03 30",33,"2272,2262,2100,1978,1953,1876,1752,1712,1707,1576,1513,1478,1351,1316,1279,1213,1200,1098,1081,950,8"
"03 31",40,"2272,2271,2158,1938,1833,1790,1759,1724,1712,1576,1537,1485,1444,1434,1351,1342,1334,1213,993,959,93"
"03 32",34,"2125,2042,2016,1981,1808,1807,1741,1724,1587,1548,1461,1433,1276,1257,1236,1213,1194,1016,999,976,94"
"03 33",36,"2228,2208,2192,2131,2081,2041,1971,1953,1922,1910,1699,1668,1561,1477,1453,1357,1192,1166,1153,999,8"
"03 34",42,"2301,2180,2164,1989,1918,1866,1776,1699,1674,1614,1495,1473,1436,1425,1334,1316,1266,1249,1179,1081,"
"03 35",33,"2301,2272,2177,2065,2060,1953,1776,1633,1433,1388,1334,1316,1276,1134,1016,981,938,789,786,666,615,5"
"03 36",13,"976,971,881,876,803,789,786,649,387,366,277,222,53,"
"04 05",51,"2306,2291,2229,2200,2189,2161,2129,2102,2093,2039,2006,1932,1923,1878,1783,1562,1540,1437,1423,1416,"
"04 06",29,"2205,2189,2157,2061,2022,1944,1903,1878,1540,1475,1472,1423,1306,1131,1082,920,917,853,788,748,733,6"
"04 07",49,"2301,2296,2291,2229,2212,2120,2102,2100,2052,1969,1900,1850,1823,1595,1578,1562,1523,1519,1472,1379,"
"04 08",40,"2253,2188,2138,2059,2039,1891,1890,1872,1828,1780,1575,1523,1512,1388,1377,1344,1339,1277,1257,1206,"
"04 09",46,"2321,2253,2206,2195,2189,2122,2107,2093,2024,2006,1964,1944,1936,1920,1823,1756,1740,1615,1486,1475,"
"04 10",48,"2306,2253,2249,2206,2122,2087,2022,2006,1936,1920,1882,1783,1665,1615,1467,1456,1392,1332,1330,1251,"
"04 11",37,"2300,2212,2138,2107,2038,2022,1932,1903,1783,1749,1738,1467,1344,1312,1082,1069,1002,893,788,758,691"
"04 12",41,"2321,2295,2093,2023,1920,1891,1872,1836,1824,1820,1756,1749,1740,1729,1720,1714,1681,1665,1575,1377,"
"04 13",44,"2303,2300,2295,2209,2206,2200,2194,2157,2126,2052,2038,1932,1848,1832,1820,1739,1681,1663,1615,1512,"
"04 14",29,"1937,1925,1878,1850,1836,1824,1729,1720,1439,1431,1313,1284,1252,1240,1147,1131,1109,1078,853,621,61"
"04 15",35,"2157,2129,2024,2023,1900,1891,1890,1836,1791,1733,1670,1519,1424,1405,1326,1312,1160,1127,979,787,69"
"04 16",40,"2194,2165,2119,2059,1878,1739,1720,1677,1529,1431,1416,1284,1153,1131,1016,911,906,827,788,778,749,7"
"04 17",28,"2195,2189,2107,2098,1828,1823,1740,1666,1663,1359,1208,1109,920,917,903,868,778,691,690,582,508,498,"
"04 18",40,"2321,2295,2200,2141,2087,2052,2023,2006,1964,1925,1923,1803,1733,1729,1665,1663,1540,1424,1326,1270,"
"04 19",41,"2303,2296,2229,2217,2188,2119,2052,1982,1964,1832,1739,1696,1595,1529,1465,1437,1424,1401,1379,1271,"
"04 20",37,"2217,2212,2195,2188,2038,1923,1920,1799,1738,1733,1595,1486,1465,1399,1312,1306,1285,1228,1111,946,9"
"04 21",38,"2246,2194,2138,2100,2061,2024,1882,1799,1575,1512,1485,1469,1456,1439,1285,1270,1257,1109,1077,978,9"
"04 22",42,"2249,2205,2165,2138,2118,2098,1937,1925,1900,1850,1824,1820,1791,1738,1681,1562,1436,1392,1364,1313,"
"04 23",40,"2296,2205,2141,2118,2102,2087,2022,2015,1925,1881,1675,1475,1465,1437,1364,1332,1277,1271,1161,1149,"
"04 24",34,"2321,2306,2300,2209,2039,1945,1903,1803,1799,1780,1675,1615,1578,1512,1486,1472,1401,1208,1115,1088,"
"04 25",48,"2296,2212,2165,2129,2122,2119,2098,2061,1969,1945,1891,1881,1872,1850,1791,1780,1729,1714,1677,1595,"
"04 26",41,"2246,2229,2217,2188,2180,2126,2059,2024,1932,1894,1848,1738,1677,1675,1670,1485,1475,1388,1332,1284,"
"04 27",42,"2306,2291,2249,2246,2118,1944,1836,1832,1803,1799,1791,1677,1670,1635,1405,1377,1330,1313,1252,1161,"
"04 28",40,"2120,2038,2004,1882,1820,1666,1578,1562,1486,1456,1439,1436,1424,1416,1401,1330,1208,1088,980,946,91"
"04 29",39,"2300,2191,2161,2004,1969,1944,1894,1848,1756,1670,1529,1469,1465,1431,1399,1285,1277,1242,1161,1115,"
"04 30",34,"2303,2191,2100,2098,2004,1964,1894,1832,1749,1739,1696,1635,1423,1399,1225,1207,1147,980,931,913,893"
"04 31",37,"2303,2249,2194,2126,2004,1982,1969,1923,1882,1881,1872,1780,1666,1540,1523,1519,1485,1379,1334,1270,"
"04 32",36,"2291,2253,2209,2200,2191,2059,2015,1881,1848,1783,1666,1399,1257,1149,1147,1088,1016,952,947,913,902"
"04 33",45,"2295,2246,2195,2165,2129,1937,1936,1828,1803,1756,1749,1740,1720,1696,1675,1469,1437,1431,1320,1312,"
"04 34",43,"2301,2180,2161,2157,2119,2107,1903,1823,1714,1696,1635,1523,1436,1392,1359,1334,1332,1208,1207,1111,"
"04 35",44,"2301,2205,2141,2039,1982,1578,1529,1469,1439,1388,1379,1344,1334,1320,1306,1206,1160,1147,1131,1094,"
"04 36",22,"1149,906,902,871,843,833,807,758,748,614,605,578,1057,428,382,327,308,303,267,226,222,207,"
"05 06",41,"2323,2247,2189,2153,2097,2073,1967,1878,1871,1865,1818,1597,1550,1540,1423,1408,1365,1294,1255,1146,"
"05 07",46,"2328,2317,2307,2291,2269,2229,2204,2102,2073,1994,1984,1906,1879,1869,1849,1794,1782,1692,1682,1562,"
"05 08",49,"2317,2297,2176,2109,2073,2055,2039,2014,1968,1906,1874,1869,1853,1849,1819,1795,1768,1731,1723,1682,"
"05 09",31,"2307,2297,2189,2169,2093,2006,1908,1768,1689,1673,1629,1459,1440,1225,1216,1205,1107,951,841,825,779"
"05 10",37,"2328,2306,2265,2014,2006,1984,1795,1794,1783,1705,1692,1689,1608,1559,1440,1262,1253,1070,994,958,93"
"05 11",44,"2310,2287,2244,2104,2020,1932,1905,1865,1805,1795,1783,1707,1700,1409,1365,1340,1262,1255,1246,1182,"
"05 12",30,"2281,2171,2131,2115,2093,2007,1994,1879,1870,1755,1731,1727,1707,1705,1509,1452,1360,1333,1311,1255,"
"05 13",40,"2314,2265,2235,2200,2109,1968,1956,1932,1922,1865,1787,1731,1609,1568,1425,1358,1318,1299,1258,1194,"
"05 14",36,"2225,2171,2116,1885,1883,1879,1878,1826,1818,1629,1606,1568,1415,1294,1272,1252,1232,1171,1070,908,9"
"05 15",36,"2310,2269,2244,2176,2153,2129,2030,1990,1879,1877,1609,1360,1340,1299,1294,1244,1182,960,939,892,859"
"05 16",36,"2307,2248,2204,2044,1979,1967,1885,1878,1818,1794,1727,1721,1705,1700,1673,1545,1468,1459,1449,1416,"
"05 17",38,"2328,2314,2189,2109,2058,2055,2035,1968,1922,1777,1731,1700,1692,1689,1545,1463,1459,1425,1381,1359,"
"05 18",39,"2200,2196,2153,2058,2006,1923,1877,1819,1782,1777,1678,1674,1606,1568,1540,1444,1409,1340,1253,1216,"
"05 19",34,"2229,2166,2153,1994,1990,1984,1706,1678,1437,1360,1311,1258,1252,1189,1143,1063,996,960,747,727,720,"
"05 20",39,"2328,2269,2169,2109,2088,2044,2033,2027,1956,1939,1923,1857,1849,1805,1762,1559,1550,1525,1509,1248,"
"05 21",31,"2314,2196,2088,2073,2035,1787,1755,1609,1584,1550,1318,1246,1077,992,958,915,903,832,825,805,680,650"
"05 22",45,"2314,2171,2169,2131,2116,1967,1883,1755,1724,1606,1568,1562,1410,1358,1340,1253,1248,1232,1225,1221,"
"05 23",39,"2323,2317,2297,2287,2248,2102,1874,1870,1869,1853,1805,1689,1629,1559,1440,1437,1415,1410,1381,1310,"
"05 24",38,"2310,2306,2235,2171,2116,2104,2044,2039,2030,1939,1905,1777,1381,1318,1311,1310,1272,1189,1130,1070,"
"05 25",51,"2309,2281,2257,2129,2115,2033,1939,1906,1905,1857,1826,1795,1763,1706,1705,1606,1550,1468,1452,1444,"
"05 26",34,"2265,2229,2115,2035,1979,1932,1870,1857,1849,1787,1777,1768,1762,1727,1463,1318,1248,1244,1194,1171,"
"05 27",48,"2307,2306,2291,2269,2166,2115,2097,2007,1994,1939,1874,1819,1782,1768,1762,1692,1597,1584,1409,1408,"
"05 28",38,"2309,2225,2196,2055,2014,1984,1906,1885,1883,1877,1871,1853,1755,1562,1545,1416,1311,1246,1169,958,9"
"05 29",40,"2257,2248,2196,2161,2104,2097,2058,2033,2030,1956,1908,1871,1870,1853,1723,1721,1682,1673,1608,1584,"
"05 30",44,"2323,2310,2309,2247,2244,2176,2166,2035,2020,2014,1968,1874,1782,1723,1721,1707,1678,1509,1423,1415,"
"05 31",36,"2287,2281,2257,2116,2097,2055,1923,1794,1724,1682,1678,1584,1540,1522,1459,1444,1410,1360,1262,1182,"
"05 32",37,"2309,2297,2291,2204,2200,2176,2088,2027,2020,2007,1967,1805,1783,1724,1721,1706,1597,1522,1410,1406,"
"05 33",34,"2248,2247,2225,2166,2131,2129,2058,1979,1922,1819,1818,1763,1525,1522,1468,1440,1437,1415,1408,1406,"
"05 34",47,"2281,2265,2257,2161,2027,1905,1883,1871,1865,1826,1706,1674,1525,1425,1408,1381,1359,1294,1255,1205,"
"05 35",28,"2039,2027,2007,1908,1857,1826,1727,1723,1545,1449,1358,1310,1216,1182,1077,779,669,577,545,539,483,4"
"05 36",16,"1163,1022,704,669,539,511,458,1057,436,411,341,289,194,111,61,25,"
"06 07",28,"2160,2150,2073,2065,2021,1959,1933,1687,1634,1472,1460,1365,1222,1199,1146,1101,988,889,796,641,618,"
"06 08",33,"2250,2137,2127,2073,2049,2017,1940,1924,1862,1786,1708,1597,1581,1539,1517,1378,1367,1338,1177,920,6"
"06 09",31,"2189,2163,1944,1847,1772,1750,1634,1581,1549,1475,1273,1222,1026,1010,879,799,765,733,641,609,607,58"
"06 10",38,"2268,2232,2222,2218,2148,2022,2021,2003,1807,1713,1624,1585,1571,1367,1366,1341,1142,1076,1005,994,9"
"06 11",34,"2292,2163,2150,2149,2144,2137,2105,2085,2022,2009,1966,1962,1938,1921,1903,1865,1764,1710,1464,1438,"
"06 12",35,"2218,2201,2149,2095,1966,1901,1858,1588,1515,1438,1378,1307,1302,1290,1255,1254,1222,1166,1142,1076,"
"06 13",28,"2242,2157,2077,2003,1962,1865,1764,1711,1672,1419,1338,1302,1267,1092,1063,995,988,884,831,694,692,6"
"06 14",32,"2324,2214,2178,2148,2085,2021,2003,1966,1921,1878,1858,1818,1581,1461,1307,1294,1290,1273,1131,1117,"
"06 15",39,"2250,2232,2157,2153,2124,2105,2085,2025,1995,1961,1940,1847,1715,1585,1549,1542,1347,1341,1294,1227,"
"06 16",41,"1976,1967,1959,1897,1893,1878,1818,1710,1687,1684,1672,1627,1588,1574,1499,1137,1131,1065,1003,981,9"
"06 17",44,"2268,2262,2232,2218,2201,2189,2049,2025,1901,1858,1815,1786,1713,1704,1577,1574,1549,1517,1460,1419,"
"06 18",26,"2324,2222,2193,2170,2153,1959,1540,1499,1453,1433,1397,1338,1254,1227,1177,1117,875,829,694,644,534,"
"06 19",30,"2262,2153,2148,2003,1961,1844,1769,1743,1577,1574,1571,1517,1199,1177,1137,1063,1010,995,829,738,656"
"06 20",33,"2255,2137,2136,2077,1995,1959,1897,1574,1571,1550,1464,1442,1427,1397,1306,1146,1118,995,940,875,775"
"06 21",32,"2324,2170,2144,2073,2061,2009,1995,1713,1708,1591,1550,1474,1473,1302,1273,1026,915,889,874,858,730,"
"06 22",31,"2255,2242,2205,2178,2095,2017,1995,1967,1858,1773,1736,1624,1489,1290,1254,1233,1101,1090,994,921,87"
"06 23",31,"2323,2255,2205,2137,2136,2124,2022,1976,1924,1807,1730,1687,1672,1588,1563,1542,1489,1475,1378,1366,"
"06 24",38,"2305,2250,2203,2160,2150,2042,1976,1961,1928,1903,1893,1847,1743,1730,1634,1621,1472,1302,1173,1092,"
"06 25",36,"2292,2268,2214,2203,2149,2146,2124,2061,1940,1924,1773,1769,1750,1736,1585,1550,1542,1515,1489,1442,"
"06 26",31,"2292,2242,2193,2160,2146,1976,1961,1940,1901,1893,1844,1842,1715,1539,1475,1442,1427,1227,954,940,93"
"06 27",54,"2222,2218,2203,2170,2097,2095,2042,2025,1944,1938,1842,1815,1715,1713,1711,1704,1687,1684,1624,1621,"
"06 28",38,"2305,2250,2232,2222,2214,2193,2149,2105,2065,1962,1933,1871,1773,1772,1769,1764,1736,1621,1517,1347,"
"06 29",37,"2324,2214,2201,2097,1944,1897,1871,1815,1773,1710,1704,1634,1591,1577,1563,1489,1473,1419,1397,1365,"
"06 30",27,"2323,2262,2247,2077,2017,1933,1928,1921,1862,1772,1743,1708,1499,1423,1307,1092,858,702,698,679,557,"
"06 31",32,"2305,2178,2163,2150,2097,1938,1897,1764,1736,1711,1708,1684,1627,1540,1474,1254,1137,1065,1026,1005,"
"06 32",38,"2203,2124,2042,1967,1928,1921,1815,1807,1710,1597,1499,1461,1433,1378,1341,1338,1268,1227,1222,1091,"
"06 33",36,"2247,2242,2201,2144,2127,2085,2009,1962,1901,1818,1715,1684,1563,1464,1453,1408,1267,1177,1166,1164,"
"06 34",50,"2163,2157,2136,2009,1966,1903,1871,1865,1847,1730,1711,1704,1624,1621,1591,1588,1577,1474,1473,1408,"
"06 35",44,"2205,2127,2065,2025,1924,1862,1842,1786,1769,1672,1627,1585,1464,1433,1427,1397,1366,1306,1290,1268,"
"06 36",19,"1164,1118,1064,937,861,796,775,748,637,617,459,1057,436,382,308,218,95,41,6,"
"07 08",35,"2317,2258,2156,2073,1971,1906,1902,1869,1849,1829,1789,1758,1682,1594,1567,1551,1523,1492,1393,1299,"
"07 09",50,"2307,2237,2210,1823,1809,1781,1766,1757,1728,1680,1668,1634,1586,1555,1502,1481,1480,1396,1288,1287,"
"07 10",37,"2328,2290,2159,2021,1984,1927,1829,1794,1775,1719,1692,1594,1482,1372,1251,1235,1228,1176,1129,1028,"
"07 11",42,"2278,2212,2159,2150,2101,1943,1898,1854,1829,1781,1728,1625,1514,1483,1482,1479,1422,1365,1343,1317,"
"07 12",27,"2237,2234,2082,1994,1879,1781,1775,1564,1509,1481,1457,1247,1222,1184,912,688,670,544,519,413,396,38"
"07 13",40,"2290,2184,2069,2052,1954,1915,1880,1806,1801,1789,1766,1758,1757,1735,1576,1532,1482,1422,1411,1299,"
"07 14",46,"2316,2221,2101,2021,1943,1907,1879,1850,1829,1809,1564,1532,1492,1480,1396,1368,1324,1300,1288,1287,"
"07 15",41,"2269,2219,2159,2056,1927,1902,1900,1879,1868,1809,1680,1519,1477,1343,1323,1299,1199,1193,1191,1160,"
"07 16",38,"2307,2278,2264,2219,2204,2072,1987,1959,1950,1915,1898,1840,1806,1794,1687,1537,1511,1507,1480,1256,"
"07 17",37,"2328,2294,2221,2210,2184,2082,1902,1880,1823,1692,1625,1555,1544,1537,1502,1479,1460,1362,1300,1288,"
"07 18",39,"2316,2187,2184,2052,1959,1943,1806,1804,1801,1782,1567,1533,1511,1393,1368,1270,1210,1184,1094,1028,"
"07 19",49,"2296,2294,2258,2229,2210,2069,2052,1994,1984,1950,1915,1854,1808,1789,1620,1595,1556,1551,1457,1422,"
"07 20",37,"2328,2269,2221,2212,2056,1987,1986,1959,1849,1620,1595,1564,1525,1509,1480,1362,1345,1343,1281,1228,"
"07 21",38,"2278,2231,2219,2156,2100,2073,1954,1907,1789,1719,1536,1502,1430,1270,1128,984,931,912,904,889,818,8"
"07 22",26,"2056,1900,1850,1601,1567,1562,1551,1389,1256,1101,1094,952,883,866,624,493,1657,405,379,281,256,233,"
"07 23",34,"2317,2296,2234,2219,2210,2102,1987,1950,1869,1798,1719,1687,1564,1532,1393,1389,1368,1193,1023,961,8"
"07 24",41,"2298,2160,2156,2150,2031,1927,1804,1758,1634,1578,1536,1533,1482,1472,1373,1237,1210,1191,1130,1129,"
"07 25",41,"2296,2278,2237,2212,1987,1986,1969,1954,1906,1850,1804,1775,1728,1595,1586,1556,1430,1411,1373,1362,"
"07 26",38,"2294,2264,2258,2229,2160,2031,1915,1849,1804,1680,1601,1594,1555,1544,1511,1507,1481,1370,1324,1288,"
"07 27",46,"2307,2291,2269,2237,2082,1994,1868,1840,1809,1782,1766,1692,1687,1668,1586,1460,1457,1370,1235,1226,"
"07 28",45,"2316,2290,2258,2231,2187,2120,2072,2065,2031,1984,1971,1933,1906,1868,1801,1586,1578,1562,1514,1492,"
"07 29",31,"2264,2056,1969,1898,1735,1682,1634,1567,1533,1511,1502,1483,1411,1365,1300,1115,952,807,801,796,750,"
"07 30",34,"2234,2100,2069,1954,1933,1927,1880,1868,1782,1758,1576,1556,1536,1509,1393,1343,1210,1030,939,931,79"
"07 31",37,"2298,2290,2231,2221,2150,1969,1902,1794,1781,1682,1625,1620,1576,1537,1523,1519,1514,1422,1396,1379,"
"07 32",38,"2298,2291,2204,2184,1907,1898,1808,1798,1775,1757,1728,1625,1601,1532,1389,1373,1345,1317,1222,1191,"
"07 33",34,"2316,2298,2187,1971,1943,1907,1680,1668,1601,1594,1525,1477,1362,1324,1247,1228,1006,961,928,801,796"
"07 34",35,"2301,2294,2234,2231,2101,1950,1823,1798,1544,1533,1525,1523,1457,1372,1370,1280,1111,1030,1020,984,9"
"07 35",31,"2301,2264,2065,1620,1578,1555,1507,1430,1396,1379,1317,1243,1160,1094,904,818,789,683,540,509,458,16"
"07 36",21,"1030,808,807,796,789,723,622,565,563,493,458,1034,398,387,289,232,222,218,165,118,53,"
"08 09",33,"2331,2297,2253,2106,1860,1792,1768,1596,1581,1573,1446,1395,1377,1301,1279,1277,1205,1157,1113,1073,"
"08 10",35,"2282,2253,2233,2108,2106,2014,1829,1795,1594,1526,1516,1513,1484,1466,1367,1361,1314,1253,1218,1215,"
"08 11",27,"2154,2152,2138,2137,2005,2000,1999,1931,1829,1795,1717,1596,1546,1435,1344,1211,1197,1113,1002,975,7"
"08 12",39,"2179,2154,2132,2128,2074,1930,1891,1872,1753,1731,1669,1575,1516,1493,1454,1452,1445,1429,1378,1377,"
"08 13",40,"2331,2286,2251,2109,2074,1968,1889,1792,1789,1758,1731,1609,1512,1484,1454,1445,1421,1361,1338,1299,"
"08 14",26,"2286,2140,2128,2002,1889,1829,1581,1543,1492,1429,1395,1319,1019,905,740,724,649,628,573,472,339,229"
"08 15",32,"2250,2176,2002,1940,1931,1902,1891,1890,1770,1753,1669,1609,1596,1513,1435,1421,1395,1299,1296,1151,"
"08 16",27,"2128,2059,2000,1999,1395,1303,1211,1079,962,956,899,806,753,698,636,605,566,546,472,1052,241,229,191"
"08 17",40,"2311,2282,2140,2109,2055,2049,2005,1968,1902,1828,1786,1731,1622,1573,1543,1517,1484,1466,1463,1429,"
"08 18",34,"2145,2140,1819,1812,1753,1622,1583,1567,1435,1393,1338,1319,1296,1253,1210,1177,1079,1017,901,873,85"
"08 19",40,"2258,2188,2152,2132,2074,1999,1812,1789,1551,1543,1517,1493,1448,1386,1206,1177,1150,1134,1113,991,9"
"08 20",34,"2251,2233,2188,2179,2137,2132,2109,2054,1992,1859,1849,1812,1626,1526,1445,1314,1281,1202,1015,987,9"
"08 21",45,"2282,2156,2138,2128,2073,1997,1974,1860,1789,1770,1765,1708,1609,1583,1575,1561,1512,1446,1429,1386,"
"08 22",31,"2331,2226,2152,2145,2138,2045,2017,1859,1792,1671,1567,1551,1374,1253,1151,1150,1017,975,925,890,873"
"08 23",43,"2317,2297,2137,2106,2000,1931,1924,1874,1869,1853,1830,1583,1498,1448,1421,1393,1378,1277,1202,1123,"
"08 24",40,"2250,2226,2156,2152,2108,2039,2002,1830,1780,1758,1512,1498,1484,1335,1218,1215,1210,1113,966,857,77"
"08 25",36,"2251,2179,2000,1992,1940,1924,1906,1891,1872,1795,1780,1765,1671,1626,1596,1546,1452,1344,1339,1015,"
"08 26",33,"2258,2188,2154,2059,1997,1940,1860,1849,1830,1768,1765,1594,1539,1493,1463,1388,1201,987,985,975,957"
"08 27",37,"2140,2132,2054,2005,1874,1860,1819,1812,1770,1768,1699,1626,1597,1543,1526,1498,1377,1180,962,959,93"
"08 28",32,"2286,2258,2250,2226,2108,2055,2014,1971,1906,1853,1717,1517,1492,1445,1435,1319,1314,1303,1281,1215,"
"08 29",37,"2005,2002,1992,1930,1889,1853,1723,1682,1567,1526,1516,1374,1335,1303,1279,1277,1197,1157,1123,750,7"
"08 30",46,"2311,2272,2233,2179,2176,2145,2074,2054,2017,2014,1968,1931,1874,1862,1859,1830,1758,1723,1708,1626,"
"08 31",36,"2282,2272,2251,2154,2055,2054,1999,1902,1889,1872,1780,1708,1682,1523,1206,1201,1180,1150,959,741,72"
"08 32",40,"2297,2253,2176,2108,2059,2045,1997,1974,1930,1753,1597,1446,1386,1378,1374,1338,1319,1301,1257,1218,"
"08 33",30,"2127,2045,1997,1971,1859,1828,1819,1699,1622,1594,1561,1493,1448,1303,1211,1177,1138,693,585,1050,40"
"08 34",26,"1717,1699,1669,1546,1523,1516,1498,1448,1386,1367,1335,1205,1073,956,905,901,760,716,654,636,463,448"
"08 35",35,"2331,2272,2145,2127,2039,1992,1930,1924,1862,1786,1765,1723,1717,1622,1466,1454,1388,1374,1344,1206,"
"08 36",14,"808,724,673,649,637,631,605,585,373,359,312,61,41,24,"
"09 10",36,"2253,2223,2206,2155,2122,2106,2006,1936,1920,1916,1744,1691,1689,1633,1630,1615,1496,1440,1283,1235,"
"09 11",37,"2274,2239,2163,2151,2117,2107,1948,1918,1914,1781,1771,1728,1695,1605,1602,1596,1592,1404,1348,1280,"
"09 12",45,"2321,2313,2239,2237,2093,1920,1914,1887,1875,1839,1811,1796,1781,1756,1751,1745,1740,1688,1686,1605,"
"09 13",47,"2331,2313,2289,2259,2206,1896,1839,1796,1792,1778,1766,1757,1747,1690,1686,1631,1630,1615,1602,1534,"
"09 14",42,"2013,1914,1910,1809,1722,1629,1581,1541,1534,1528,1480,1476,1396,1395,1385,1288,1287,1280,1275,1273,"
"09 15",49,"2313,2280,2228,2024,1948,1918,1895,1847,1811,1809,1778,1747,1680,1596,1549,1405,1395,1387,1348,1329,"
"09 16",29,"2307,2284,2259,1909,1718,1673,1538,1480,1462,1459,1395,1353,1256,1103,1001,904,899,712,605,372,353,3"
"09 17",56,"2280,2210,2207,2195,2189,2143,2107,1998,1975,1935,1823,1761,1747,1741,1740,1691,1689,1688,1633,1623,"
"09 18",37,"2321,2320,2315,2284,2280,2228,2207,2143,2096,2006,1975,1964,1904,1896,1693,1605,1602,1541,1496,1476,"
"09 19",37,"2320,2239,2210,2151,2143,2032,1998,1978,1964,1904,1895,1778,1747,1694,1462,1287,1283,1113,1087,1067,"
"09 20",38,"2259,2223,2195,2169,2135,2032,1920,1895,1845,1839,1695,1570,1520,1496,1486,1480,1385,1369,1348,1097,"
"09 21",38,"2289,2135,2041,2024,2013,1975,1935,1895,1860,1845,1718,1694,1502,1491,1446,1428,1402,1273,1174,1073,"
"09 22",46,"2331,2275,2169,2135,1975,1948,1811,1792,1744,1691,1630,1623,1534,1520,1325,1298,1275,1256,1225,1127,"
"09 23",36,"2297,2210,2177,2125,2106,2096,2013,1904,1839,1744,1690,1689,1629,1520,1491,1476,1475,1440,1404,1304,"
"09 24",37,"2321,2289,2274,2207,2151,1847,1693,1634,1615,1593,1528,1520,1486,1402,1385,1283,1237,1113,1099,1095,"
"09 25",45,"2315,2275,2237,2122,2112,2080,2041,1916,1771,1750,1745,1728,1596,1586,1491,1476,1405,1384,1320,1298,"
"09 26",35,"2275,2223,2155,2143,2117,2024,1910,1875,1860,1768,1686,1680,1605,1570,1555,1481,1475,1288,1168,907,8"
"09 27",35,"2320,2307,2274,2237,2177,2155,2080,1998,1944,1887,1860,1809,1768,1766,1716,1683,1668,1586,1549,1405,"
"09 28",39,"2284,2274,2155,2013,1896,1845,1772,1718,1695,1688,1683,1631,1592,1586,1570,1486,1380,1325,1209,1033,"
"09 29",40,"2315,2080,1944,1914,1908,1771,1756,1741,1716,1673,1634,1593,1592,1502,1432,1353,1348,1329,1297,1279,"
"09 30",46,"2117,2112,1978,1964,1948,1909,1887,1811,1778,1772,1761,1745,1722,1690,1631,1630,1573,1491,1387,1369,"
"09 31",43,"2284,2207,2163,2135,2096,1998,1916,1875,1781,1761,1751,1593,1541,1528,1462,1459,1396,1384,1369,1240,"
"09 32",42,"2297,2253,2125,2096,2032,1916,1875,1796,1757,1744,1741,1728,1722,1718,1623,1592,1587,1538,1462,1446,"
"09 33",47,"2275,2228,2195,2112,2041,1936,1935,1910,1909,1904,1887,1845,1761,1756,1751,1745,1740,1680,1668,1570,"
"09 34",42,"2259,2239,2163,2107,2032,1918,1847,1823,1751,1716,1694,1688,1686,1496,1432,1384,1280,1205,1083,1073,"
"09 35",34,"2331,2315,2313,2177,1935,1908,1896,1796,1771,1716,1691,1690,1633,1623,1555,1538,1396,1329,1320,1216,"
"09 36",12,"1103,1001,919,807,755,622,605,450,1034,359,277,48,"
"10 11",38,"2326,2159,2064,2022,1829,1795,1783,1662,1482,1467,1309,1308,1262,1231,1229,1197,1139,1133,1025,1007,"
"10 12",40,"2319,2270,2218,2142,1920,1873,1775,1705,1665,1664,1662,1607,1572,1516,1510,1420,1361,1337,1330,1231,"
"10 13",37,"2290,2265,2236,2206,2064,2003,1952,1926,1873,1630,1615,1503,1484,1482,1361,1286,1251,1176,1155,1123,"
"10 14",35,"2270,2148,2021,2003,1996,1917,1855,1838,1829,1552,1531,1286,1235,1080,1078,1070,1067,897,882,834,773"
"10 15",35,"2232,2185,2162,2159,2075,2036,1927,1912,1873,1838,1603,1585,1513,1341,1283,1217,1185,1129,1127,1108,"
"10 16",32,"2326,2162,1838,1794,1705,1607,1510,1488,1309,1153,1014,872,828,810,745,739,566,403,399,395,381,294,2"
"10 17",43,"2328,2327,2326,2282,2268,2243,2232,2218,2197,2162,2075,2067,2066,2036,2026,1737,1713,1692,1691,1689,"
"10 18",30,"2327,2222,2087,2075,2067,2006,1800,1737,1665,1496,1286,1253,1133,1119,1028,849,830,756,583,566,560,3"
"10 19",42,"2319,2267,2211,2185,2162,2148,2086,2003,1984,1926,1912,1813,1737,1632,1607,1571,1552,1503,1372,1283,"
"10 20",30,"2332,2328,2233,2223,2197,2075,1972,1920,1919,1571,1559,1526,1496,1478,1327,1314,1228,1217,1133,1025,"
"10 21",26,"2332,2282,2197,2182,2086,2066,1917,1882,1719,1713,1456,1197,958,942,894,762,739,730,699,615,533,194,"
"10 22",35,"2249,2185,2182,2086,2067,2064,2011,1996,1744,1691,1662,1630,1624,1603,1598,1392,1253,1127,994,975,81"
"10 23",46,"2263,2106,2087,2036,2022,1912,1851,1807,1744,1719,1689,1559,1510,1488,1440,1366,1332,1291,1170,1161,"
"10 24",29,"2332,2327,2319,2306,2197,2182,2108,1927,1615,1484,1482,1337,1283,1218,1215,1129,1070,1028,914,715,61"
"10 25",50,"2326,2288,2268,2243,2185,2142,2122,2026,1952,1946,1916,1873,1813,1795,1775,1705,1664,1662,1585,1582,"
"10 26",38,"2332,2265,2236,2223,2155,2142,2066,1996,1813,1594,1503,1420,1332,1327,1309,1291,1229,1185,1139,1009,"
"10 27",38,"2306,2263,2249,2236,2222,2218,2211,2155,2142,2064,2026,1713,1692,1624,1572,1526,1330,1235,1176,1161,"
"10 28",43,"2319,2290,2263,2232,2222,2155,2108,2036,2014,1984,1952,1919,1882,1838,1800,1598,1531,1488,1478,1456,"
"10 29",30,"2288,2270,2236,1917,1851,1608,1582,1526,1516,1488,1337,1308,1197,1161,1123,1108,1080,897,894,845,715"
"10 30",26,"2267,2233,2066,2014,2011,1927,1926,1917,1630,1598,1513,1478,1466,1074,554,533,508,499,1058,1049,371,"
"10 31",36,"2290,2282,2267,2263,2249,1972,1916,1882,1851,1794,1737,1632,1420,1372,1262,1108,1005,993,964,942,918"
"10 32",37,"2253,2243,2108,1996,1972,1916,1912,1807,1800,1783,1775,1744,1603,1341,1262,1218,1170,1129,972,964,89"
"10 33",30,"2270,2067,2011,1946,1936,1919,1603,1594,1572,1440,1228,1153,1142,1139,1078,1074,1014,1009,973,914,82"
"10 34",46,"2288,2265,2211,1919,1855,1664,1632,1624,1582,1516,1496,1392,1372,1367,1366,1332,1286,1231,1217,1155,"
"10 35",42,"2327,2288,2267,2026,1946,1855,1851,1813,1800,1691,1633,1632,1585,1582,1552,1466,1420,1366,1337,1170,"
"10 36",14,"1009,964,942,872,834,723,706,704,539,267,194,124,117,20,"
"11 12",46,"2276,2239,2172,2154,2149,2079,1966,1914,1886,1814,1781,1752,1749,1746,1707,1662,1605,1569,1495,1458,"
"11 13",36,"2300,2273,2220,2175,2064,2038,1962,1932,1866,1865,1833,1817,1764,1746,1602,1487,1482,1422,1419,1295,"
"11 14",34,"2101,2085,1966,1943,1921,1914,1829,1725,1676,1569,1280,1239,1175,1159,1006,907,822,732,678,618,613,6"
"11 15",47,"2325,2310,2245,2244,2220,2159,2111,2105,2085,1948,1947,1931,1918,1835,1814,1676,1596,1450,1435,1413,"
"11 16",40,"2326,2318,2278,2001,2000,1999,1898,1835,1710,1701,1700,1676,1569,1455,1309,1211,1096,1059,935,933,79"
"11 17",38,"2326,2318,2283,2107,2099,2062,2040,2005,2001,1700,1625,1479,1458,1419,1295,936,916,855,783,774,732,7"
"11 18",34,"2245,2241,2181,2099,1943,1817,1746,1679,1605,1602,1458,1435,1409,1340,1214,1198,1133,1069,1006,829,6"
"11 19",33,"2273,2241,2239,2152,2151,2040,1999,1854,1746,1458,1441,1422,1229,1133,1113,838,829,774,710,575,559,5"
"11 20",39,"2276,2220,2212,2181,2137,2038,1955,1947,1805,1752,1738,1695,1464,1348,1343,1321,1315,1312,1259,1187,"
"11 21",32,"2318,2278,2238,2144,2138,2062,2009,1958,1679,1295,1246,1197,1175,992,941,936,894,836,825,710,646,564"
"11 22",33,"2152,2138,2064,2028,1958,1948,1947,1837,1833,1738,1662,1495,1450,1441,1413,1340,1198,1145,982,975,86"
"11 23",32,"2325,2287,2260,2238,2181,2175,2137,2040,2022,2000,1947,1931,1805,1404,1082,1069,1059,1025,1008,1007,"
"11 24",41,"2310,2300,2274,2260,2238,2175,2172,2152,2151,2150,2104,2028,1905,1903,1725,1482,1447,1315,1219,1183,"
"11 25",49,"2326,2325,2292,2278,2245,2212,2149,2079,2000,1905,1886,1837,1795,1776,1771,1728,1662,1596,1546,1467,"
"11 26",38,"2292,2273,2271,2172,2154,2117,2079,1932,1817,1738,1679,1605,1450,1309,1238,1229,1198,1140,1139,1007,"
"11 27",38,"2274,2164,2064,2005,1938,1856,1835,1814,1450,1441,1438,1409,1404,1382,1315,1214,1187,953,935,933,855"
"11 28",39,"2283,2274,2149,2105,2099,2062,2038,1962,1955,1866,1764,1717,1701,1695,1592,1514,1483,1479,1435,1308,"
"11 29",34,"2300,2283,2276,2220,2104,2005,1955,1914,1898,1817,1771,1725,1710,1592,1483,1419,1365,1348,1308,1197,"
"11 30",36,"2310,2276,2244,2117,2111,2020,1948,1931,1921,1886,1835,1821,1752,1749,1707,1487,1455,1382,1343,1321,"
"11 31",41,"2287,2271,2163,2154,2150,2040,1999,1938,1886,1856,1837,1833,1814,1781,1764,1625,1514,1447,1422,1413,"
"11 32",39,"2062,2020,1958,1921,1898,1856,1805,1783,1728,1725,1710,1701,1625,1592,1441,1321,1317,1262,1211,1158,"
"11 33",35,"2175,2144,2085,2028,2009,2001,1962,1955,1943,1749,1701,1569,1464,1315,1312,1214,1211,1183,1139,1006,"
"11 34",38,"2260,2239,2181,2164,2163,2107,2101,2009,1966,1918,1905,1903,1866,1865,1821,1776,1717,1546,1495,1487,"
"11 35",33,"2172,2111,2099,2028,2001,1856,1837,1821,1776,1771,1717,1679,1464,1413,1344,1317,1214,1182,1110,1007,"
"11 36",9,"1158,1008,916,758,704,1034,289,207,143,"
"12 13",45,"2313,2295,2293,2123,2074,2043,2029,1873,1839,1820,1796,1793,1746,1731,1686,1681,1557,1454,1445,1361,"
"12 14",34,"2270,2171,2128,1966,1914,1879,1858,1836,1827,1824,1729,1720,1569,1564,1535,1429,1307,1290,1245,1240,"
"12 15",35,"2313,2084,2023,1891,1879,1873,1836,1814,1811,1779,1753,1669,1387,1360,1326,1234,1072,1032,765,673,65"
"12 16",44,"2190,2128,2123,2094,2092,2063,2053,2037,1929,1727,1720,1705,1685,1607,1588,1569,1510,1501,1363,1184,"
"12 17",40,"2218,2201,2190,2094,2091,2082,2029,1970,1901,1858,1779,1740,1731,1688,1535,1510,1501,1458,1429,1331,"
"12 18",47,"2321,2295,2293,2167,2076,2023,1802,1779,1753,1746,1729,1665,1628,1605,1458,1402,1371,1363,1326,1254,"
"12 19",42,"2319,2239,2132,2094,2084,2074,2070,1994,1876,1864,1746,1703,1614,1607,1557,1493,1458,1457,1360,1311,"
"12 20",29,"2276,2190,2179,2132,1920,1839,1752,1564,1558,1509,1445,1285,1259,1249,822,761,755,684,682,676,1054,3"
"12 21",29,"2266,2128,1929,1755,1703,1575,1429,1402,1302,1285,1278,1175,1089,934,912,802,699,670,586,1046,1039,3"
"12 22",39,"2171,2131,2095,2076,2070,2043,1970,1941,1858,1827,1824,1820,1811,1755,1681,1662,1628,1558,1495,1364,"
"12 23",33,"2266,2234,2167,2091,2081,2063,1876,1870,1864,1839,1588,1564,1510,1443,1378,1375,1364,1126,1003,927,8"
"12 24",36,"2321,2319,2172,2171,1941,1685,1619,1558,1402,1363,1337,1335,1311,1302,1234,1218,1156,1065,1027,1018,"
"12 25",53,"2293,2281,2237,2179,2149,2142,2115,2084,2081,2079,2029,1891,1886,1873,1872,1861,1775,1745,1729,1714,"
"12 26",39,"2190,2172,2167,2154,2142,2121,2115,2092,2079,2063,1970,1901,1875,1870,1727,1703,1686,1628,1605,1493,"
"12 27",50,"2237,2218,2142,2132,2115,2095,2082,2053,2037,2029,2007,1994,1991,1887,1836,1814,1572,1457,1443,1438,"
"12 28",44,"2319,2293,2149,2092,2076,2070,2037,1991,1929,1820,1755,1688,1685,1628,1445,1363,1330,1311,1231,1209,"
"12 29",44,"2276,2270,2201,2121,1941,1930,1914,1870,1864,1861,1827,1793,1756,1516,1501,1432,1371,1337,1335,1333,"
"12 30",36,"2276,2234,2179,2074,2053,1887,1886,1876,1861,1811,1752,1749,1745,1707,1685,1509,1443,1387,1346,1307,"
"12 31",38,"2281,2266,2154,2121,2094,2070,1886,1875,1872,1864,1814,1802,1793,1781,1751,1619,1420,1360,1346,1331,"
"12 32",47,"2043,2007,1941,1930,1929,1875,1796,1775,1753,1378,1346,1276,1245,1222,1218,1156,1144,1018,965,934,91"
"12 33",45,"2295,2270,2201,2131,2123,2081,2076,2037,1991,1970,1901,1887,1802,1756,1751,1749,1745,1740,1720,1572,"
"12 34",40,"2281,2239,2234,2123,1966,1751,1714,1703,1688,1686,1669,1664,1619,1614,1588,1557,1516,1495,1457,1432,"
"12 35",38,"2313,2172,2167,2043,2007,1930,1796,1727,1557,1535,1454,1420,1375,1337,1290,1276,1155,1018,953,867,84"
"12 36",22,"1156,877,861,847,785,766,755,725,684,673,617,450,445,431,427,411,359,215,177,170,33,32,"
"13 14",46,"2286,2279,2051,2012,2003,1889,1568,1534,1532,1527,1287,1286,1275,1224,1195,1174,1122,1114,1021,1019,"
"13 15",46,"2313,2220,2157,2089,2019,2010,1980,1873,1843,1778,1747,1609,1599,1421,1326,1299,1297,1289,1269,1122,"
"13 16",36,"2329,2302,2259,2256,2194,2123,1980,1915,1806,1754,1739,1672,1599,1497,1353,1351,1230,1224,1204,1029,"
"13 17",46,"2314,2279,2230,2184,2109,2029,1968,1922,1880,1816,1759,1747,1731,1663,1599,1484,1428,1425,1419,1295,"
"13 18",41,"2302,2295,2293,2279,2252,2230,2200,2186,2184,2052,1896,1817,1806,1801,1754,1746,1663,1602,1568,1560,"
"13 19",50,"2303,2273,2074,2069,2052,2003,1942,1926,1915,1832,1789,1778,1747,1746,1739,1580,1557,1521,1508,1503,"
"13 20",39,"2329,2259,2251,2220,2186,2174,2109,2077,2051,2038,2012,1993,1956,1839,1580,1560,1521,1504,1445,1369,"
"13 21",30,"2314,2289,2252,2194,2089,2071,1983,1954,1789,1787,1609,1560,1512,1504,1428,1407,1318,1302,1295,1174,"
"13 22",37,"2331,2322,2314,2277,2256,2242,2064,2043,2019,2012,1833,1820,1792,1681,1630,1568,1534,1521,1358,1275,"
"13 23",37,"2329,2175,2019,2012,1983,1839,1690,1672,1532,1527,1421,1289,1271,1267,1202,1195,1136,1123,1069,1011,"
"13 24",38,"2300,2289,2256,2235,2209,2175,2174,2089,1989,1758,1615,1527,1512,1504,1484,1482,1401,1318,1302,1095,"
"13 25",30,"2293,2251,2029,1954,1952,1873,1843,1503,1411,1358,1289,1238,1226,1223,1106,1000,967,773,677,610,541,"
"13 26",47,"2322,2273,2265,2242,2236,2126,2051,1993,1989,1932,1915,1848,1843,1817,1787,1686,1580,1503,1497,1318,"
"13 27",37,"2322,2236,2168,2071,2064,2029,1993,1980,1832,1816,1766,1711,1407,1226,1176,1136,1085,1029,1021,1000,"
"13 28",41,"2293,2290,2286,2038,1962,1952,1942,1896,1866,1820,1801,1764,1631,1521,1508,1445,1401,1355,1352,1295,"
"13 29",49,"2300,2256,2236,2220,2174,2168,2010,1980,1956,1889,1848,1817,1816,1793,1759,1754,1735,1599,1508,1419,"
"13 30",41,"2303,2302,2077,2074,2069,1968,1954,1926,1880,1832,1778,1758,1739,1690,1631,1630,1576,1487,1369,1353,"
"13 31",45,"2303,2290,2277,2252,2251,2194,2186,2126,2071,1942,1889,1833,1793,1764,1759,1754,1711,1576,1422,1376,"
"13 32",42,"2209,2200,2184,2043,2019,1848,1796,1757,1532,1527,1497,1407,1376,1338,1258,1223,1194,1114,1093,1084,"
"13 33",42,"2295,2277,2242,2175,2123,1962,1922,1534,1504,1497,1428,1376,1355,1269,1267,1204,1106,1032,977,970,88"
"13 34",42,"2265,2259,2157,2123,2089,2051,1989,1983,1866,1865,1711,1686,1560,1557,1487,1425,1316,1289,1286,1269,"
"13 35",45,"2331,2329,2313,2277,2252,2230,2186,2174,2043,2010,1993,1983,1942,1896,1796,1690,1672,1580,1557,1454,"
"13 36",21,"1093,1011,1000,970,881,871,869,673,637,503,497,482,436,417,373,341,312,267,226,32,6,"
"14 15",41,"2254,2085,2047,2002,1879,1838,1836,1809,1785,1676,1667,1617,1600,1395,1294,1264,1193,1181,1122,1117,"
"14 16",31,"2128,1888,1885,1878,1838,1818,1785,1720,1676,1569,1565,1480,1431,1395,1284,1232,1224,1154,1131,772,7"
"14 17",29,"2279,2221,2140,1965,1858,1785,1543,1535,1528,1429,1300,1288,1245,1109,1060,821,816,794,732,611,570,5"
"14 18",37,"2324,2316,2299,2279,2140,1973,1943,1925,1788,1785,1729,1617,1606,1568,1541,1476,1394,1368,1319,1286,"
"14 19",39,"2148,2003,1985,1965,1709,1552,1543,1518,1451,1398,1368,1287,1252,1224,1193,1181,1121,1087,1067,922,8"
"14 20",24,"2299,2221,2208,2133,2051,2047,2012,1973,1702,1564,1480,1385,1265,1135,986,922,882,876,875,865,822,70"
"14 21",32,"2324,2254,2128,2048,2013,1985,1917,1907,1888,1788,1697,1667,1439,1429,1354,1273,1175,1174,1109,1019,"
"14 22",42,"2285,2178,2171,2133,2116,2048,2012,1996,1937,1925,1883,1858,1850,1827,1824,1606,1600,1568,1534,1524,"
"14 23",36,"2013,2012,1960,1925,1702,1629,1564,1532,1527,1494,1476,1415,1368,1354,1265,1195,1193,1080,1070,908,8"
"14 24",31,"2171,2116,2002,1965,1960,1725,1548,1528,1527,1451,1400,1394,1385,1272,1263,1124,1070,922,839,793,747"
"14 25",36,"2214,2133,1850,1826,1729,1606,1531,1494,1476,1313,1273,1264,1263,1239,1181,1159,1121,1109,997,882,79"
"14 26",28,"2285,2051,1996,1985,1910,1702,1617,1324,1288,1284,1171,1114,907,821,793,744,717,703,621,613,606,591,"
"14 27",35,"2140,1985,1973,1836,1809,1788,1617,1600,1565,1543,1524,1494,1313,1264,1252,1245,1235,1117,1105,1024,"
"14 28",38,"2316,2286,2254,2225,2214,2013,1965,1885,1883,1838,1565,1531,1524,1518,1492,1439,1319,1263,1224,1105,"
"14 29",50,"2324,2270,2214,2002,1973,1960,1917,1914,1889,1827,1725,1702,1565,1451,1431,1400,1398,1394,1300,1272,"
"14 30",29,"2299,2133,1921,1917,1722,1709,1697,1600,1518,1494,1415,1307,1275,1232,1159,1147,763,726,628,613,600,"
"14 31",36,"2221,2178,2116,2048,1889,1888,1541,1528,1396,1240,1175,1154,1124,1122,1024,929,793,759,744,724,649,6"
"14 32",32,"2299,2047,1996,1921,1907,1725,1722,1548,1532,1527,1461,1451,1385,1319,1245,1147,1114,997,908,883,876"
"14 33",39,"2316,2285,2270,2225,2208,2085,2048,2047,1943,1937,1910,1907,1818,1720,1697,1569,1534,1431,1415,1324,"
"14 34",39,"2285,2101,2051,1966,1883,1855,1826,1709,1697,1667,1518,1394,1307,1294,1286,1280,1239,1195,1154,1021,"
"14 35",28,"1855,1826,1552,1535,1439,1400,1396,1290,1147,1131,1114,1105,1080,1019,977,773,726,683,678,627,567,47"
"14 36",16,"1124,1121,1060,986,876,834,724,649,614,591,447,1044,398,376,41,32,"
"15 16",35,"2219,2199,2162,2016,1980,1911,1863,1838,1835,1785,1676,1599,1395,1191,1188,1096,1086,998,811,791,763"
"15 17",35,"2280,2232,2162,2075,2036,2025,1951,1902,1831,1785,1779,1747,1616,1599,1549,1471,1328,1296,1173,1168,"
"15 18",45,"2280,2245,2228,2227,2153,2075,2023,1877,1831,1785,1779,1753,1733,1617,1613,1612,1435,1424,1340,1329,"
"15 19",46,"2227,2199,2185,2162,2153,2139,2084,1990,1961,1912,1895,1846,1778,1747,1424,1360,1349,1328,1323,1305,"
"15 20",38,"2269,2220,2075,2056,2047,1995,1947,1895,1852,1733,1613,1553,1471,1434,1348,1343,1312,1292,1217,1187,"
"15 21",35,"2254,2219,2199,2139,2089,2024,1995,1911,1895,1884,1852,1770,1742,1667,1612,1610,1609,1328,1151,1102,"
"15 22",39,"2304,2185,2056,2019,2016,1995,1948,1947,1913,1900,1831,1811,1791,1616,1603,1600,1506,1450,1413,1340,"
"15 23",43,"2325,2219,2139,2124,2036,2019,1951,1947,1931,1912,1863,1616,1612,1610,1542,1471,1421,1349,1305,1292,"
"15 24",29,"2310,2250,2089,2030,2002,1961,1927,1884,1847,1742,1434,1292,1283,1282,1234,1191,1173,1129,1099,651,5"
"15 25",43,"2325,2245,2185,2129,2124,2084,1940,1891,1873,1843,1791,1596,1585,1553,1542,1405,1289,1264,1236,1217,"
"15 26",38,"2024,1961,1940,1863,1852,1846,1843,1742,1715,1680,1670,1617,1553,1450,1269,1244,1227,1198,1185,1168,"
"15 27",39,"2304,2269,2215,2025,1980,1868,1836,1835,1814,1809,1791,1770,1715,1670,1617,1610,1600,1549,1450,1405,"
"15 28",36,"2254,2250,2232,2227,2105,2036,1884,1877,1868,1838,1742,1435,1424,1349,1347,1325,1323,1220,1200,1108,"
"15 29",43,"2220,2056,2030,2010,2002,1980,1884,1670,1599,1506,1349,1348,1347,1329,1305,1297,1282,1264,1234,1220,"
"15 30",42,"2310,2244,2176,2111,1948,1931,1927,1913,1911,1868,1846,1835,1811,1778,1600,1513,1506,1471,1387,1382,"
"15 31",31,"2304,1911,1902,1814,1613,1519,1434,1413,1360,1282,1182,1168,1122,1108,1100,1013,896,859,840,751,642,"
"15 32",34,"2215,2176,2124,2047,2019,2016,1913,1912,1863,1753,1612,1603,1341,1236,1227,1191,1188,1129,1093,898,8"
"15 33",38,"2228,2215,2129,2085,2047,1846,1715,1680,1603,1477,1312,1305,1269,1032,998,910,884,840,824,763,754,73"
"15 34",35,"2227,2157,2139,2089,1918,1852,1847,1669,1667,1616,1382,1294,1289,1282,1269,1217,1100,1081,1021,939,8"
"15 35",25,"2313,2111,2025,2010,1951,1831,1613,1585,1506,1413,1329,1182,1160,850,729,627,601,590,586,579,475,202"
"15 36",11,"1102,1093,986,754,673,637,482,467,428,111,51,"
"16 17",43,"2326,2318,2190,2162,2094,2090,2083,2060,2001,1785,1700,1599,1574,1545,1538,1537,1510,1501,1459,1322,"
"16 18",33,"2302,2284,1959,1806,1785,1784,1754,1511,1499,1363,1322,1203,1188,1184,1079,1004,1001,998,983,856,806"
"16 19",43,"2199,2162,2119,2110,2094,2008,1999,1950,1915,1784,1739,1607,1574,1529,1462,1224,1167,1148,1137,1086,"
"16 20",45,"2329,2259,2190,2110,2060,2044,1987,1959,1897,1748,1590,1574,1480,1221,1204,1167,1112,1096,1004,886,8"
"16 21",42,"2318,2278,2219,2199,2194,2128,2083,2050,1929,1911,1888,1834,1718,1604,1590,1530,1322,1293,1112,1089,"
"16 22",30,"2256,2165,2050,2016,2008,1977,1967,1834,1784,1284,1256,1232,1221,1167,1103,921,814,810,777,647,558,1"
"16 23",47,"2329,2248,2219,2083,2063,2008,2000,1987,1976,1950,1863,1687,1672,1588,1510,1488,1126,1062,1059,1023,"
"16 24",23,"2256,2044,1976,1893,1685,1363,1191,1162,1130,1066,1065,1062,950,705,668,592,545,543,1638,352,273,191"
"16 25",31,"2326,2278,2165,2119,2090,2000,1987,1977,1705,1677,1604,1468,1342,1243,1203,1192,1162,933,921,874,745"
"16 26",40,"2264,2190,2092,2063,2059,2050,1979,1976,1915,1893,1863,1834,1727,1677,1590,1511,1507,1497,1309,1293,"
"16 27",33,"2307,2053,2037,1980,1840,1835,1687,1684,1677,1590,1565,1293,1203,1029,962,935,933,921,784,667,640,62"
"16 28",42,"2284,2092,2072,2037,1929,1885,1838,1748,1718,1701,1685,1604,1565,1545,1530,1488,1416,1363,1303,1224,"
"16 29",47,"2264,2256,2248,2078,1980,1898,1897,1754,1721,1710,1673,1599,1565,1530,1529,1511,1501,1488,1449,1431,"
"16 30",39,"2302,2090,2053,1977,1911,1909,1835,1739,1721,1712,1685,1499,1455,1353,1351,1232,1203,1086,1079,1029,"
"16 31",48,"2284,2194,2094,1999,1911,1897,1888,1794,1754,1748,1712,1684,1627,1537,1462,1459,1351,1342,1322,1162,"
"16 32",40,"2204,2110,2059,2016,1967,1929,1898,1863,1834,1721,1718,1710,1701,1538,1499,1497,1462,1211,1191,1188,"
"16 33",46,"2248,2165,2123,2078,2037,2001,1979,1977,1909,1818,1720,1701,1684,1569,1530,1497,1468,1431,1303,1211,"
"16 34",37,"2259,2123,2119,2110,1950,1588,1455,1154,1148,1014,981,956,842,811,782,770,712,636,592,584,514,464,44"
"16 35",39,"2329,2264,2078,2060,2050,2001,1727,1672,1627,1545,1538,1529,1507,1449,1243,1230,1131,1103,1016,981,9"
"16 36",21,"1162,1103,1001,943,906,881,872,803,605,452,428,277,244,218,95,81,59,55,24,20,6,"
"17 18",41,"2327,2280,2279,2230,2207,2184,2143,2140,2099,2075,2067,2058,2046,1975,1831,1785,1779,1777,1760,1737,"
"17 19",32,"2294,2262,2210,2162,2143,2094,2040,1998,1965,1767,1747,1737,1577,1574,1543,1517,1458,1328,1274,1250,"
"17 20",34,"2328,2221,2197,2195,2190,2109,2075,2068,2060,1574,1500,1471,1362,1327,1202,1167,1165,1068,1004,810,7"
"17 21",44,"2318,2314,2282,2197,2083,2066,2062,2035,1975,1935,1825,1797,1713,1502,1429,1428,1356,1328,1322,1295,"
"17 22",38,"2314,2216,2103,2098,2067,1988,1975,1970,1858,1831,1691,1623,1616,1566,1490,1391,1336,1172,1167,1060,"
"17 23",41,"2216,2210,2103,2091,2083,2068,2046,2040,2036,1951,1689,1616,1510,1505,1500,1471,1381,1310,1304,1202,"
"17 24",35,"2327,2207,2197,2103,1965,1797,1777,1593,1528,1484,1381,1310,1208,1173,1130,1095,1066,916,854,802,616"
"17 25",36,"2326,2268,2243,2130,2098,2090,2046,2029,2026,1797,1760,1618,1566,1505,1362,1356,1331,1327,1223,1109,"
"17 26",35,"2294,2190,2143,2130,2066,2035,1988,1981,1970,1901,1777,1618,1555,1544,1463,1336,1327,1288,1178,1172,"
"17 27",40,"2218,2140,2130,2082,2029,2026,2025,2005,1998,1825,1816,1815,1767,1713,1704,1692,1549,1543,1505,1490,"
"17 28",48,"2283,2232,2099,2062,2055,2046,2036,1981,1965,1688,1666,1545,1517,1505,1479,1391,1380,1295,1274,1223,"
"17 29",37,"2283,2216,2201,2058,2005,1816,1815,1760,1759,1741,1704,1599,1593,1577,1502,1501,1419,1356,1336,1300,"
"17 30",29,"2311,2262,2098,2090,2066,2035,1968,1880,1761,1573,1471,1466,1301,1296,1074,1004,909,860,802,792,729,"
"17 31",43,"2282,2221,2207,2094,2055,2040,1998,1988,1902,1825,1761,1759,1737,1666,1625,1593,1566,1537,1528,1490,"
"17 32",39,"2243,2184,2062,1988,1981,1815,1767,1741,1666,1625,1623,1587,1538,1500,1336,1301,1276,1274,1245,1223,"
"17 33",38,"2201,2195,2103,2067,2058,2001,1970,1935,1922,1901,1828,1761,1740,1622,1566,1428,1380,1362,1304,1166,"
"17 34",44,"2294,2107,1823,1767,1704,1688,1618,1616,1577,1544,1490,1425,1391,1381,1359,1356,1274,1250,1208,1205,"
"17 35",44,"2327,2230,2216,2099,2060,2026,2025,2001,1951,1935,1831,1786,1691,1633,1623,1622,1618,1555,1545,1538,"
"17 36",15,"1102,1064,1060,916,860,785,755,450,1055,427,387,382,376,268,25,"
"18 19",41,"2320,2261,2241,2227,2153,2143,2052,2018,1964,1904,1812,1784,1746,1737,1678,1508,1458,1424,1403,1368,"
"18 20",42,"2299,2202,2186,2181,2075,2034,2018,1973,1959,1923,1812,1790,1733,1636,1613,1611,1560,1547,1496,1403,"
"18 21",33,"2324,2252,2196,2170,1975,1934,1788,1774,1679,1636,1612,1583,1560,1547,1402,1357,1328,1322,1270,983,8"
"18 22",34,"2145,2076,2067,1975,1925,1831,1784,1636,1628,1606,1568,1567,1403,1340,1254,1253,1198,1094,1017,873,7"
"18 23",37,"2261,2213,2181,2167,2141,2096,2087,2046,2034,1925,1904,1774,1612,1583,1579,1547,1476,1393,1368,1149,"
"18 24",36,"2327,2321,2207,1804,1803,1777,1693,1579,1533,1402,1394,1363,1210,1189,1124,1028,1018,857,728,629,616"
"18 25",31,"2315,2293,2245,2224,2202,2046,1804,1760,1729,1611,1606,1476,1444,1371,1357,1203,1100,1022,997,909,70"
"18 26",33,"2193,2167,2143,1817,1804,1777,1679,1628,1617,1605,1511,1383,1371,1242,1227,1198,999,998,909,901,844,"
"18 27",37,"2320,2261,2222,2213,2170,2140,2018,1973,1819,1812,1803,1788,1782,1636,1617,1426,1409,1214,1203,1117,"
"18 28",43,"2316,2293,2284,2227,2222,2196,2193,2187,2099,2076,2046,1896,1877,1801,1800,1774,1628,1508,1435,1424,"
"18 29",39,"2324,2315,2196,2058,1973,1934,1817,1790,1760,1754,1567,1533,1511,1508,1397,1394,1383,1371,1329,1297,"
"18 30",36,"2302,2299,2145,1964,1934,1782,1678,1611,1579,1499,1426,1393,1296,1216,1210,1203,1120,1079,1004,983,9"
"18 31",41,"2284,2252,2207,2202,2186,2096,1923,1802,1790,1754,1737,1678,1613,1541,1540,1444,1322,1270,1254,1124,"
"18 32",45,"2299,2224,2213,2200,2184,2096,2034,1934,1800,1753,1612,1579,1499,1433,1383,1338,1319,1227,1188,1149,"
"18 33",40,"2316,2295,2228,2187,2076,2067,2058,1943,1904,1819,1803,1802,1774,1622,1453,1357,1242,1214,1177,1135,"
"18 34",37,"2227,2224,2202,2181,1674,1560,1533,1496,1394,1286,1152,1120,1119,1100,901,875,829,813,734,722,659,62"
"18 35",37,"2327,2315,2261,2252,2230,2186,2167,2145,2141,2099,1896,1831,1800,1679,1622,1613,1611,1433,1397,1329,"
"18 36",16,"1149,1124,1022,1001,785,724,626,578,531,1048,232,177,143,81,55,33,"
"19 20",46,"2217,2188,2173,2132,2110,2032,2018,1895,1812,1620,1595,1580,1574,1571,1521,1465,1403,1292,1261,1167,"
"19 21",34,"2199,2183,2173,2139,2086,1985,1895,1789,1703,1694,1386,1328,1278,1134,1128,974,931,823,780,710,699,6"
"19 22",27,"2185,2152,2086,2070,2008,1784,1551,1521,1441,1414,1403,1271,1167,1150,1143,922,890,866,759,558,502,4"
"19 23",37,"2296,2261,2210,2139,2040,2008,1950,1912,1904,1876,1864,1734,1465,1448,1437,1368,1349,1305,1292,1271,"
"19 24",35,"2319,2152,2151,1965,1961,1743,1734,1451,1401,1311,1292,1283,1261,1189,1113,1028,974,922,857,839,747,"
"19 25",31,"2296,2185,2183,2119,2084,1813,1769,1706,1614,1595,1556,1503,1414,1236,1229,1185,1181,1121,1075,823,7"
"19 26",37,"2294,2273,2258,2229,2217,2188,2143,1985,1961,1915,1846,1844,1841,1813,1734,1703,1580,1503,1493,1229,"
"19 27",36,"2320,2261,2211,2166,2132,2018,1998,1994,1985,1832,1812,1767,1543,1457,1441,1252,1250,1128,1010,962,9"
"19 28",35,"2319,2258,2227,2134,2070,1984,1965,1942,1841,1769,1521,1518,1517,1508,1424,1401,1355,1349,1323,1311,"
"19 29",37,"2183,2173,1864,1734,1577,1529,1508,1465,1451,1398,1349,1305,1261,1189,1181,1148,1143,1013,995,974,89"
"19 30",41,"2303,2267,2262,2183,2166,2134,2074,2069,1978,1964,1926,1876,1846,1832,1778,1743,1739,1709,1696,1678,"
"19 31",42,"2303,2267,2134,2094,2070,2040,1999,1998,1982,1942,1864,1737,1678,1632,1620,1462,1422,1379,1376,1372,"
"19 32",36,"2110,2032,1912,1841,1808,1767,1706,1462,1451,1441,1414,1386,1376,1274,1258,1236,991,842,823,780,752,"
"19 33",30,"2166,1904,1846,1696,1493,1448,1437,1376,1355,1305,1278,1186,1177,1087,1075,996,886,840,738,680,561,5"
"19 34",55,"2294,2239,2227,2211,2139,2119,2110,2032,1950,1767,1709,1706,1703,1696,1694,1632,1614,1577,1557,1518,"
"19 35",30,"2267,2261,2173,1982,1942,1813,1769,1632,1620,1580,1557,1552,1529,1379,1206,1134,838,752,668,583,554,"
"19 36",16,"1121,808,578,565,531,482,387,359,341,300,289,218,207,172,170,33,"
"20 21",33,"2332,2197,2173,2135,2088,1995,1895,1852,1845,1799,1698,1636,1590,1560,1550,1547,1504,1417,1285,1116,"
"20 22",42,"2255,2169,2135,2133,2056,2012,1995,1949,1947,1859,1822,1738,1636,1558,1521,1520,1417,1403,1350,1248,"
"20 23",41,"2329,2312,2255,2181,2137,2136,2068,2034,2012,1987,1947,1867,1839,1805,1702,1564,1559,1547,1520,1500,"
"20 24",26,"2332,2312,2197,2174,2044,1939,1799,1558,1520,1504,1486,1434,1385,1315,1292,1261,966,922,790,652,632,"
"20 25",47,"2312,2251,2212,2202,2179,2133,2057,2033,1992,1987,1986,1939,1857,1626,1611,1595,1558,1553,1550,1442,"
"20 26",43,"2332,2240,2223,2217,2190,2188,2051,1993,1949,1857,1852,1849,1762,1738,1702,1590,1580,1570,1553,1442,"
"20 27",43,"2269,2132,2054,2018,1993,1973,1949,1939,1867,1822,1812,1799,1762,1636,1626,1590,1526,1442,1427,1315,"
"20 28",38,"2038,1955,1919,1867,1845,1748,1695,1570,1521,1486,1478,1445,1352,1314,1281,1204,1190,1112,1015,946,9"
"20 29",50,"2276,2220,2174,2173,2056,2033,1992,1973,1956,1955,1897,1790,1702,1526,1465,1399,1397,1352,1348,1285,"
"20 30",35,"2299,2276,2240,2233,2179,2133,2077,2054,1867,1859,1752,1698,1626,1611,1509,1478,1471,1399,1369,1352,"
"20 31",38,"2251,2221,2202,2186,2135,2057,2054,1972,1923,1897,1790,1748,1620,1613,1434,1369,1345,1259,1165,942,9"
"20 32",38,"2299,2110,2088,2057,2047,2034,2032,2027,1972,1949,1822,1805,1500,1417,1399,1385,1345,1321,1190,966,9"
"20 33",39,"2208,2195,2047,1955,1919,1859,1845,1822,1570,1525,1504,1464,1362,1350,1315,1312,1265,1248,1228,1204,"
"20 34",48,"2259,2240,2202,2181,2136,2110,2051,2032,2027,1919,1852,1560,1525,1496,1350,1249,1217,1190,1111,1025,"
"20 35",33,"2329,2186,2174,2173,2060,2027,1993,1992,1857,1698,1620,1613,1611,1580,1464,1427,1397,1306,1110,776,7"
"20 36",26,"1163,1118,1009,986,942,887,876,869,808,790,775,755,748,684,525,515,503,373,288,268,232,226,165,95,36"
"21 22",31,"2330,2314,2198,2182,2138,2135,2086,2050,2048,1995,1975,1958,1834,1755,1636,1417,1151,1116,825,824,76"
"21 23",32,"2266,2238,2219,2139,2083,2013,1983,1774,1719,1612,1610,1583,1547,1491,1354,1116,992,978,958,926,878,"
"21 24",34,"2332,2289,2238,2198,2197,2182,2156,2113,2089,1884,1799,1797,1742,1732,1536,1512,1504,1402,1318,1302,"
"21 25",31,"2278,2183,2061,2041,1954,1797,1765,1604,1550,1491,1430,1357,1356,1273,1109,978,903,874,836,823,780,6"
"21 26",34,"2332,2246,2066,2050,2035,2024,1997,1985,1860,1852,1834,1787,1765,1742,1732,1703,1679,1590,1485,1417,"
"21 27",37,"2330,2246,2198,2170,2071,1985,1860,1825,1799,1788,1770,1732,1713,1636,1610,1591,1590,1584,1474,1407,"
"21 28",39,"2330,2254,2231,2196,2062,2013,1929,1884,1882,1845,1774,1755,1742,1718,1604,1530,1456,1439,1295,1246,"
"21 29",41,"2324,2198,2196,2183,2173,2113,1934,1917,1884,1591,1584,1530,1502,1473,1469,1356,1285,1197,974,968,89"
"21 30",28,"2183,2100,2066,2035,1954,1934,1917,1911,1708,1698,1697,1536,1491,1151,983,941,931,926,858,802,780,60"
"21 31",38,"2282,2266,2252,2231,2194,2135,2113,2071,2048,1911,1888,1882,1825,1708,1584,1485,1474,1322,1270,1175,"
"21 32",27,"2088,2062,1997,1974,1958,1934,1929,1907,1834,1718,1612,1446,1417,1407,1386,1257,984,934,912,894,878,"
"21 33",39,"2246,2144,2048,2041,2009,1997,1935,1907,1845,1774,1732,1697,1561,1530,1504,1469,1428,1357,1278,1132,"
"21 34",35,"2231,2139,2089,2009,1983,1852,1703,1697,1694,1667,1591,1560,1474,1473,1386,1356,1085,1073,984,878,70"
"21 35",30,"2252,2173,2050,1983,1935,1765,1698,1679,1469,1439,1430,1407,1134,1077,1019,968,936,904,818,786,683,6"
"21 36",14,"1102,971,942,803,786,493,467,1057,340,303,194,124,61,20,"
"22 23",32,"2255,2216,2205,2118,2103,2019,2012,2008,1957,1947,1925,1810,1744,1616,1520,1489,1410,1389,1364,1271,"
"22 24",34,"2256,2226,2198,2182,2171,2152,2116,2103,2028,1963,1941,1558,1554,1520,1418,1196,945,922,877,861,715,"
"22 25",43,"2275,2185,2165,2133,2098,1977,1850,1837,1791,1773,1736,1671,1662,1606,1566,1558,1554,1489,1414,1364,"
"22 26",42,"2322,2285,2275,2242,2050,1996,1988,1970,1957,1949,1834,1738,1628,1601,1450,1417,1336,1284,1248,1198,"
"22 27",47,"2330,2322,2304,2249,2198,2118,2095,2064,1963,1949,1822,1791,1636,1624,1600,1554,1524,1490,1450,1441,"
"22 28",37,"2330,2226,2158,2076,2070,1963,1957,1883,1820,1810,1773,1755,1736,1628,1598,1562,1524,1521,1436,1391,"
"22 29",33,"2256,2216,2198,2056,1941,1827,1773,1567,1506,1489,1374,1336,1221,1196,1143,990,952,863,814,769,768,7"
"22 30",34,"2145,2133,2098,2017,2011,1977,1948,1913,1859,1811,1630,1600,1598,1506,1418,1325,1275,1232,1225,1196,"
"22 31",38,"2304,2277,2249,2178,2158,2135,2116,2070,2048,1988,1837,1833,1736,1724,1566,1490,1413,1410,1254,1150,"
"22 32",41,"2045,2043,2019,2016,1996,1988,1967,1958,1949,1941,1913,1834,1822,1744,1724,1623,1603,1601,1441,1417,"
"22 33",37,"2285,2277,2275,2242,2165,2131,2103,2076,2067,2048,2045,2028,2011,1977,1970,1937,1859,1822,1603,1601,"
"22 34",34,"2285,1963,1883,1624,1616,1495,1490,1436,1418,1414,1392,1391,1350,711,686,594,527,524,478,463,461,456"
"22 35",36,"2331,2277,2216,2205,2145,2050,2043,2028,1837,1831,1691,1623,1506,1413,1374,1358,1290,1172,1103,1094,"
"22 36",18,"1163,1103,1060,877,861,843,775,524,515,493,445,376,312,288,215,53,24,20,"
"23 24",39,"2312,2260,2238,2175,2147,2103,1976,1960,1830,1734,1730,1675,1579,1527,1520,1498,1381,1310,1292,1071,"
"23 25",45,"2325,2312,2296,2124,2081,2046,2000,1987,1924,1892,1881,1542,1505,1494,1491,1489,1476,1470,1375,1364,"
"23 26",26,"2167,2147,2063,1976,1957,1892,1870,1863,1830,1734,1702,1675,1475,1470,1375,1332,1291,1260,1007,901,8"
"23 27",31,"2263,2261,2213,2177,2118,1874,1867,1687,1610,1505,1498,1494,1470,1443,1404,1161,1136,1116,1071,962,9"
"23 28",37,"2263,2147,2046,2036,2013,1957,1892,1867,1853,1810,1774,1505,1488,1349,1260,1098,1011,958,955,927,911"
"23 29",43,"2248,2216,1960,1870,1864,1853,1851,1734,1702,1563,1489,1488,1465,1349,1305,1277,1265,1195,1161,1123,"
"23 30",26,"2323,2234,1931,1876,1874,1867,1830,1690,1579,1494,1491,1471,1443,1415,1393,1098,1075,926,860,600,497"
"23 31",27,"2287,2266,2263,2147,2096,2040,1881,1864,1851,1410,1260,1126,1071,970,964,943,891,885,878,859,759,642"
"23 32",47,"2297,2213,2125,2124,2096,2034,2019,2015,1912,1881,1863,1807,1805,1798,1744,1612,1579,1532,1527,1500,"
"23 33",32,"2248,2175,2103,2081,1904,1774,1675,1563,1448,1440,1437,1415,1305,1304,1267,1265,1126,1075,970,961,91"
"23 34",43,"2260,2234,2181,2139,2136,1983,1950,1798,1730,1616,1588,1498,1448,1381,1366,1332,1289,1260,1195,1119,"
"23 35",35,"2329,2261,2216,2205,2177,2167,2141,1983,1951,1924,1851,1690,1672,1470,1375,1366,1310,1268,1170,1119,"
"23 36",19,"1149,1011,1008,976,970,964,943,916,906,860,704,497,376,327,308,177,117,95,51,"
"24 25",31,"2312,2203,2192,1945,1939,1905,1804,1797,1780,1726,1558,1554,1447,1373,1263,1162,966,848,740,592,588,"
"24 26",37,"2332,2192,2172,2160,2147,2031,1989,1976,1961,1893,1830,1804,1777,1742,1734,1732,1726,1675,1412,1318,"
"24 27",32,"2306,2274,2203,2198,2042,1963,1939,1803,1799,1732,1621,1554,1498,1315,1196,1099,1071,949,945,854,790"
"24 28",48,"2319,2305,2274,2250,2226,2147,2108,2031,1965,1963,1884,1742,1685,1621,1578,1486,1401,1373,1363,1311,"
"24 29",54,"2300,2256,2198,2174,2113,2104,2030,2002,1960,1941,1884,1734,1726,1725,1634,1593,1533,1451,1400,1394,"
"24 30",30,"2310,1928,1927,1830,1758,1743,1685,1579,1536,1418,1219,1210,1196,1092,950,926,848,802,628,563,516,49"
"24 31",37,"2305,2298,2207,2150,2147,2116,2113,1780,1726,1619,1593,1528,1447,1434,1412,1282,1219,1162,1124,1071,"
"24 32",38,"2298,2209,2203,2108,2042,1941,1928,1725,1579,1548,1527,1451,1390,1385,1373,1218,1191,1156,1129,1088,"
"24 33",30,"2298,2192,2175,2103,2028,1803,1732,1675,1504,1390,1315,1272,1183,1132,919,914,728,705,629,597,595,54"
"24 34",36,"2260,2089,1989,1963,1905,1903,1847,1730,1621,1619,1533,1498,1418,1412,1394,1381,1335,1282,1266,1208,"
"24 35",28,"2327,2174,2172,2039,2028,1578,1400,1337,1310,1092,1018,818,668,657,615,548,545,476,471,458,1045,407,"
"24 36",21,"1162,1156,1124,1011,1008,971,919,916,877,871,861,790,622,563,459,458,445,312,303,118,51,"
"25 26",53,"2292,2275,2192,2146,2142,2130,2115,2079,1940,1892,1857,1843,1813,1804,1765,1726,1677,1618,1553,1503,"
"25 27",40,"2237,2203,2142,2130,2115,2080,2029,2026,1939,1899,1791,1677,1626,1586,1554,1505,1494,1470,1442,1405,"
"25 28",40,"2309,2293,2214,2149,2046,1952,1906,1892,1773,1769,1736,1604,1586,1531,1505,1373,1263,1223,1169,1098,"
"25 29",43,"2315,2288,2257,2214,2183,2080,2033,1992,1969,1899,1861,1773,1771,1760,1726,1582,1489,1411,1371,1356,"
"25 30",44,"2309,2183,2179,2133,2112,2098,2090,1977,1954,1899,1886,1861,1745,1626,1611,1556,1494,1491,1406,1346,"
"25 31",36,"2281,2257,2251,2202,2057,1969,1916,1886,1881,1872,1837,1780,1736,1726,1566,1447,1444,1384,1346,1342,"
"25 32",42,"2309,2243,2224,2203,2124,2057,1916,1881,1775,1728,1706,1414,1406,1373,1346,1298,1236,1223,1170,1125,"
"25 33",43,"2275,2192,2165,2129,2112,2081,2041,1977,1946,1763,1745,1566,1468,1406,1384,1362,1357,1320,1192,1106,"
"25 34",52,"2288,2281,2257,2224,2202,2119,1905,1899,1826,1776,1714,1706,1664,1618,1614,1582,1546,1414,1384,1356,"
"25 35",49,"2315,2288,2026,1992,1946,1924,1857,1837,1826,1813,1776,1771,1769,1765,1618,1611,1585,1582,1470,1430,"
"25 36",19,"1162,1125,1121,1022,1000,944,860,725,723,669,591,524,511,450,366,341,215,61,6,"
"26 27",47,"2322,2246,2236,2155,2142,2130,2115,1993,1985,1949,1860,1842,1768,1762,1732,1715,1677,1670,1617,1590,"
"26 28",40,"2308,2258,2193,2155,2147,2092,2031,1981,1957,1892,1841,1742,1628,1570,1260,1190,1178,1141,1140,940,7"
"26 29",40,"2308,2264,2236,2121,1894,1870,1848,1817,1734,1726,1702,1670,1589,1511,1383,1371,1336,1266,1242,1171,"
"26 30",26,"2308,2240,2117,2066,2035,1894,1846,1830,1589,1244,1212,1207,1201,909,837,800,757,721,613,505,499,164"
"26 31",27,"2271,2154,2147,2126,2121,1988,1875,1726,1485,1420,1412,1260,1207,1201,1178,1168,940,820,809,793,744,"
"26 32",37,"2059,1997,1996,1988,1981,1949,1875,1863,1848,1841,1834,1601,1497,1417,1383,1336,1227,1194,1190,1172,"
"26 33",47,"2285,2275,2246,2242,2192,1997,1979,1970,1910,1901,1846,1732,1715,1680,1675,1601,1594,1589,1570,1497,"
"26 34",37,"2294,2285,2265,2240,2180,2051,1989,1852,1703,1686,1618,1544,1412,1370,1332,1269,1266,1260,1207,1190,"
"26 35",43,"2264,2172,2167,2050,1993,1857,1842,1813,1765,1727,1679,1618,1580,1555,1507,1470,1427,1420,1388,1375,"
"26 36",19,"1125,1102,1093,1009,937,872,843,833,819,809,754,706,631,591,531,525,503,1048,207,"
"27 28",41,"2330,2274,2263,2222,2155,2037,1991,1963,1868,1867,1683,1621,1586,1565,1524,1505,1391,1330,1200,1144,"
"27 29",48,"2236,2198,2168,2097,2080,2005,1980,1973,1944,1899,1816,1815,1716,1704,1670,1591,1584,1565,1526,1264,"
"27 30",37,"2166,2054,2053,1899,1887,1874,1868,1867,1835,1832,1782,1635,1626,1600,1494,1443,1426,1382,1212,1203,"
"27 31",43,"2304,2263,2249,2097,2071,2054,1998,1938,1856,1825,1814,1711,1684,1584,1490,1474,1180,1144,1071,1029,"
"27 32",41,"2291,2215,2213,2203,2042,2007,1949,1856,1822,1815,1767,1597,1441,1407,1298,1245,1144,949,912,892,819"
"27 33",33,"2246,2215,2166,2037,1991,1887,1822,1819,1803,1732,1715,1699,1684,1668,1572,1408,1315,1214,1212,977,8"
"27 34",46,"2211,2164,1963,1899,1767,1716,1711,1704,1699,1635,1624,1621,1591,1498,1490,1474,1457,1408,1391,1382,"
"27 35",41,"2261,2177,2026,2025,2007,1993,1856,1842,1716,1470,1427,1407,1214,1105,977,953,933,847,845,820,809,77"
"27 36",22,"1000,847,819,809,790,725,631,617,585,493,447,1048,427,222,215,165,143,124,118,111,59,48,"
"28 29",44,"2308,2283,2214,2196,2004,1955,1884,1871,1853,1773,1592,1565,1530,1508,1488,1483,1352,1349,1347,1308,"
"28 30",36,"2309,2308,2134,2014,2004,1953,1933,1868,1867,1772,1685,1631,1598,1518,1478,1352,1325,1219,1200,1098,"
"28 31",41,"2305,2290,2284,2263,2231,2158,2147,2134,2070,2055,2004,1942,1882,1764,1748,1736,1666,1514,1260,1219,"
"28 32",40,"2309,2108,2062,1981,1929,1841,1800,1718,1701,1666,1592,1373,1319,1274,1223,1190,1158,1144,1088,908,9"
"28 33",45,"2316,2225,2187,2114,2076,2037,1991,1971,1962,1955,1953,1919,1845,1774,1701,1570,1530,1380,1355,1303,"
"28 34",41,"2231,2227,1963,1919,1883,1871,1866,1717,1688,1621,1518,1436,1391,1274,1260,1231,1208,1190,1152,1031,"
"28 35",28,"2114,2099,2065,1953,1942,1896,1800,1769,1717,1578,1545,1439,1178,1105,980,818,789,735,711,491,1644,1"
"28 36",22,"1158,1060,1011,971,944,906,902,887,877,803,789,631,626,525,467,452,1055,1044,417,232,172,124,"
"29 30",38,"2308,2276,2191,2183,2004,1934,1917,1899,1894,1861,1723,1721,1589,1506,1399,1353,1352,1279,1241,1196,"
"29 31",42,"2257,2121,2113,2097,2004,1969,1897,1889,1864,1851,1793,1790,1759,1754,1726,1682,1593,1584,1342,1282,"
"29 32",46,"2191,1941,1934,1930,1898,1848,1815,1741,1725,1721,1710,1592,1451,1399,1390,1383,1374,1336,1157,1156,"
"29 33",36,"2270,2248,2201,2078,2058,1955,1756,1589,1563,1530,1469,1431,1390,1333,1305,1303,1272,1265,1242,1183,"
"29 34",41,"2288,2257,2161,1899,1871,1716,1704,1591,1582,1577,1533,1516,1473,1432,1394,1356,1335,1282,1266,1249,"
"29 35",52,"2315,2288,2264,2216,2174,2173,2078,2010,1992,1930,1908,1851,1771,1723,1716,1582,1529,1506,1469,1449,"
"29 36",25,"1156,1022,976,871,833,807,796,786,706,684,626,617,585,565,525,515,503,497,1044,417,340,268,51,48,36,"
"30 31",42,"2303,2272,2267,2134,2054,2004,1911,1886,1761,1712,1708,1678,1576,1369,1351,1346,1241,1219,1213,1207,"
"30 32",39,"2309,2299,2191,2176,2020,1934,1928,1921,1913,1722,1721,1579,1499,1406,1399,1346,1321,1301,1213,1157,"
"30 33",37,"2247,2166,2112,2011,1977,1953,1909,1887,1859,1846,1761,1749,1745,1697,1696,1589,1415,1406,1212,1186,"
"30 34",39,"2240,2234,1899,1821,1709,1697,1696,1635,1518,1487,1455,1418,1382,1316,1307,1241,1207,1186,1120,1106,"
"30 35",27,"2272,2267,2145,2111,1953,1862,1821,1723,1698,1690,1611,1506,1466,1316,1216,1147,1092,980,969,729,726"
"30 36",15,"1030,860,563,497,459,445,1044,428,417,398,288,177,172,117,111,"
"31 32",37,"2298,2096,2057,1988,1972,1916,1881,1875,1856,1724,1666,1625,1522,1462,1410,1376,1346,1345,1262,1213,"
"31 33",36,"2298,2277,2048,1802,1761,1751,1684,1566,1522,1384,1376,1154,1126,1031,996,970,928,840,835,815,812,78"
"31 34",42,"2281,2257,2231,2202,2163,1751,1711,1632,1619,1523,1490,1474,1412,1384,1372,1334,1282,1260,1241,1207,"
"31 35",44,"2277,2272,2267,2252,2186,1982,1942,1856,1851,1837,1632,1627,1620,1613,1420,1413,1396,1379,1334,1206,"
"31 36",25,"1162,1124,970,964,944,943,942,809,766,758,724,649,563,539,511,436,398,300,288,172,170,117,81,41,24,"
"32 33",34,"2298,2215,2047,2045,1997,1907,1822,1701,1603,1601,1522,1497,1406,1390,1376,1211,1138,999,919,887,736"
"32 34",32,"2224,2110,2032,2027,1798,1767,1706,1414,1386,1274,1190,984,947,878,870,842,819,813,811,770,716,610,5"
"32 35",33,"2043,2027,2007,1930,1856,1800,1796,1623,1538,1433,1407,1374,1317,1276,1268,1172,1170,1147,1114,1018,"
"32 36",29,"1158,1156,1149,1125,1093,976,964,919,902,887,881,876,834,819,785,758,725,669,622,578,459,431,427,366"
"33 34",39,"2285,2123,2009,1919,1751,1699,1697,1696,1525,1448,1408,1384,1350,1269,1186,1154,1142,1106,1031,1014,"
"33 35",28,"2277,2127,2114,2078,2028,2001,1953,1946,1935,1622,1469,1464,1320,1214,1164,977,973,936,735,666,662,6"
"33 36",14,"1164,1118,1009,970,937,919,887,796,754,585,511,452,382,165,"
"34 35",42,"2301,2288,2027,1983,1855,1826,1821,1776,1717,1716,1632,1618,1582,1557,1366,1334,1316,1155,1119,1064,"
"34 36",20,"1064,1030,937,869,819,790,754,723,626,531,524,482,1055,411,366,327,277,55,48,36,"
"35 36",30,"1164,1103,1064,847,833,809,789,786,748,706,684,669,539,524,515,458,447,1048,411,373,327,308,300,268,"
