"Day","No","Played"
"01",1,26
"01",2,25
"01",3,26
"01",4,19
"01",5,23
"01",6,24
"01",7,20
"01",8,20
"01",9,19
"01",10,14
"01",11,22
"01",12,21
"01",13,10
"01",14,33
"01",15,25
"01",16,24
"01",17,22
"01",18,22
"01",19,26
"01",20,23
"01",21,21
"01",22,25
"01",23,22
"01",24,23
"01",25,23
"01",26,27
"01",27,22
"01",28,26
"01",29,24
"01",30,24
"01",31,29
"01",32,17
"01",33,23
"01",34,28
"01",35,25
"01",36,21
"02",1,24
"02",2,21
"02",3,20
"02",4,20
"02",5,20
"02",6,22
"02",7,17
"02",8,31
"02",9,30
"02",10,15
"02",11,13
"02",12,21
"02",13,34
"02",14,26
"02",15,18
"02",16,23
"02",17,21
"02",18,20
"02",19,24
"02",20,22
"02",21,23
"02",22,15
"02",23,18
"02",24,29
"02",25,28
"02",26,25
"02",27,21
"02",28,28
"02",29,31
"02",30,19
"02",31,25
"02",32,14
"02",33,13
"02",34,21
"02",35,25
"02",36,28
"03",1,22
"03",2,29
"03",3,9
"03",4,16
"03",5,33
"03",6,24
"03",7,24
"03",8,19
"03",9,19
"03",10,17
"03",11,24
"03",12,21
"03",13,22
"03",14,17
"03",15,27
"03",16,21
"03",17,20
"03",18,27
"03",19,22
"03",20,16
"03",21,23
"03",22,25
"03",23,37
"03",24,20
"03",25,20
"03",26,24
"03",27,19
"03",28,20
"03",29,24
"03",30,34
"03",31,18
"03",32,33
"03",33,17
"03",34,16
"03",35,25
"03",36,27
"04",1,22
"04",2,15
"04",3,19
"04",4,21
"04",5,20
"04",6,17
"04",7,21
"04",8,28
"04",9,18
"04",10,21
"04",11,18
"04",12,30
"04",13,23
"04",14,27
"04",15,25
"04",16,23
"04",17,30
"04",18,28
"04",19,20
"04",20,21
"04",21,17
"04",22,23
"04",23,20
"04",24,23
"04",25,21
"04",26,26
"04",27,32
"04",28,28
"04",29,30
"04",30,26
"04",31,27
"04",32,20
"04",33,19
"04",34,14
"04",35,17
"04",36,25
"05",1,29
"05",2,25
"05",3,19
"05",4,20
"05",5,26
"05",6,25
"05",7,15
"05",8,16
"05",9,20
"05",10,27
"05",11,24
"05",12,27
"05",13,17
"05",14,37
"05",15,20
"05",16,21
"05",17,19
"05",18,23
"05",19,19
"05",20,15
"05",21,25
"05",22,21
"05",23,20
"05",24,20
"05",25,22
"05",26,28
"05",27,16
"05",28,18
"05",29,28
"05",30,26
"05",31,20
"05",32,28
"05",33,27
"05",34,25
"05",35,25
"05",36,22
"06",1,15
"06",2,27
"06",3,20
"06",4,27
"06",5,22
"06",6,21
"06",7,16
"06",8,21
"06",9,16
"06",10,20
"06",11,15
"06",12,34
"06",13,29
"06",14,16
"06",15,17
"06",16,19
"06",17,15
"06",18,26
"06",19,25
"06",20,28
"06",21,23
"06",22,23
"06",23,15
"06",24,25
"06",25,21
"06",26,30
"06",27,26
"06",28,31
"06",29,25
"06",30,23
"06",31,24
"06",32,16
"06",33,17
"06",34,28
"06",35,28
"06",36,28
"07",1,36
"07",2,30
"07",3,17
"07",4,22
"07",5,19
"07",6,21
"07",7,21
"07",8,11
"07",9,25
"07",10,27
"07",11,20
"07",12,13
"07",13,22
"07",14,24
"07",15,22
"07",16,21
"07",17,32
"07",18,14
"07",19,22
"07",20,18
"07",21,30
"07",22,24
"07",23,21
"07",24,20
"07",25,23
"07",26,21
"07",27,27
"07",28,19
"07",29,22
"07",30,32
"07",31,28
"07",32,21
"07",33,23
"07",34,20
"07",35,14
"07",36,26
"08",1,29
"08",2,13
"08",3,17
"08",4,20
"08",5,23
"08",6,27
"08",7,15
"08",8,31
"08",9,26
"08",10,18
"08",11,27
"08",12,20
"08",13,32
"08",14,14
"08",15,21
"08",16,27
"08",17,25
"08",18,19
"08",19,28
"08",20,22
"08",21,20
"08",22,23
"08",23,29
"08",24,16
"08",25,30
"08",26,17
"08",27,17
"08",28,27
"08",29,22
"08",30,35
"08",31,24
"08",32,29
"08",33,15
"08",34,24
"08",35,21
"08",36,18
"09",1,17
"09",2,24
"09",3,34
"09",4,20
"09",5,30
"09",6,32
"09",7,19
"09",8,18
"09",9,26
"09",10,18
"09",11,25
"09",12,24
"09",13,17
"09",14,28
"09",15,20
"09",16,27
"09",17,15
"09",18,21
"09",19,19
"09",20,19
"09",21,22
"09",22,26
"09",23,33
"09",24,28
"09",25,15
"09",26,27
"09",27,20
"09",28,12
"09",29,24
"09",30,17
"09",31,24
"09",32,15
"09",33,22
"09",34,29
"09",35,25
"09",36,24
"10",1,24
"10",2,15
"10",3,20
"10",4,22
"10",5,23
"10",6,23
"10",7,28
"10",8,15
"10",9,21
"10",10,26
"10",11,27
"10",12,26
"10",13,31
"10",14,26
"10",15,21
"10",16,23
"10",17,14
"10",18,22
"10",19,15
"10",20,26
"10",21,27
"10",22,28
"10",23,25
"10",24,21
"10",25,23
"10",26,26
"10",27,21
"10",28,22
"10",29,10
"10",30,20
"10",31,24
"10",32,18
"10",33,25
"10",34,19
"10",35,21
"10",36,27
"11",1,21
"11",2,24
"11",3,25
"11",4,24
"11",5,29
"11",6,22
"11",7,29
"11",8,14
"11",9,24
"11",10,22
"11",11,18
"11",12,19
"11",13,24
"11",14,28
"11",15,28
"11",16,17
"11",17,29
"11",18,23
"11",19,16
"11",20,18
"11",21,20
"11",22,20
"11",23,17
"11",24,22
"11",25,18
"11",26,21
"11",27,19
"11",28,21
"11",29,30
"11",30,22
"11",31,22
"11",32,28
"11",33,29
"11",34,26
"11",35,25
"11",36,21
"12",1,20
"12",2,20
"12",3,18
"12",4,19
"12",5,26
"12",6,20
"12",7,27
"12",8,27
"12",9,25
"12",10,19
"12",11,29
"12",12,19
"12",13,26
"12",14,23
"12",15,22
"12",16,21
"12",17,20
"12",18,15
"12",19,30
"12",20,24
"12",21,26
"12",22,16
"12",23,18
"12",24,27
"12",25,24
"12",26,23
"12",27,23
"12",28,23
"12",29,20
"12",30,34
"12",31,21
"12",32,24
"12",33,24
"12",34,22
"12",35,22
"12",36,26
"13",1,26
"13",2,20
"13",3,23
"13",4,22
"13",5,21
"13",6,23
"13",7,27
"13",8,25
"13",9,27
"13",10,29
"13",11,21
"13",12,23
"13",13,23
"13",14,21
"13",15,23
"13",16,27
"13",17,35
"13",18,28
"13",19,16
"13",20,26
"13",21,26
"13",22,22
"13",23,16
"13",24,20
"13",25,19
"13",26,20
"13",27,21
"13",28,20
"13",29,22
"13",30,19
"13",31,29
"13",32,19
"13",33,20
"13",34,25
"13",35,19
"13",36,18
"14",1,28
"14",2,18
"14",3,19
"14",4,16
"14",5,30
"14",6,18
"14",7,31
"14",8,27
"14",9,18
"14",10,20
"14",11,23
"14",12,14
"14",13,19
"14",14,29
"14",15,21
"14",16,15
"14",17,26
"14",18,20
"14",19,20
"14",20,30
"14",21,19
"14",22,23
"14",23,24
"14",24,27
"14",25,22
"14",26,25
"14",27,26
"14",28,23
"14",29,24
"14",30,23
"14",31,20
"14",32,23
"14",33,18
"14",34,20
"14",35,27
"14",36,21
"15",1,18
"15",2,19
"15",3,24
"15",4,17
"15",5,19
"15",6,28
"15",7,19
"15",8,21
"15",9,30
"15",10,15
"15",11,24
"15",12,26
"15",13,26
"15",14,25
"15",15,25
"15",16,22
"15",17,30
"15",18,23
"15",19,22
"15",20,31
"15",21,14
"15",22,20
"15",23,18
"15",24,22
"15",25,24
"15",26,28
"15",27,25
"15",28,24
"15",29,28
"15",30,13
"15",31,31
"15",32,19
"15",33,17
"15",34,23
"15",35,18
"15",36,19
"16",1,34
"16",2,26
"16",3,24
"16",4,19
"16",5,23
"16",6,27
"16",7,18
"16",8,24
"16",9,28
"16",10,28
"16",11,14
"16",12,25
"16",13,17
"16",14,17
"16",15,20
"16",16,29
"16",17,21
"16",18,23
"16",19,20
"16",20,18
"16",21,21
"16",22,20
"16",23,29
"16",24,30
"16",25,22
"16",26,18
"16",27,21
"16",28,30
"16",29,24
"16",30,25
"16",31,27
"16",32,14
"16",33,19
"16",34,18
"16",35,26
"16",36,18
"17",1,24
"17",2,20
"17",3,19
"17",4,29
"17",5,24
"17",6,20
"17",7,18
"17",8,27
"17",9,17
"17",10,22
"17",11,18
"17",12,18
"17",13,18
"17",14,27
"17",15,24
"17",16,32
"17",17,27
"17",18,22
"17",19,26
"17",20,18
"17",21,18
"17",22,21
"17",23,17
"17",24,34
"17",25,20
"17",26,22
"17",27,26
"17",28,21
"17",29,20
"17",30,18
"17",31,29
"17",32,24
"17",33,21
"17",34,25
"17",35,25
"17",36,24
"18",1,18
"18",2,40
"18",3,26
"18",4,27
"18",5,20
"18",6,21
"18",7,16
"18",8,22
"18",9,23
"18",10,23
"18",11,20
"18",12,15
"18",13,22
"18",14,12
"18",15,22
"18",16,22
"18",17,22
"18",18,18
"18",19,23
"18",20,27
"18",21,14
"18",22,16
"18",23,33
"18",24,23
"18",25,34
"18",26,23
"18",27,26
"18",28,20
"18",29,19
"18",30,24
"18",31,19
"18",32,25
"18",33,28
"18",34,27
"18",35,19
"18",36,21
"19",1,28
"19",2,26
"19",3,26
"19",4,18
"19",5,30
"19",6,25
"19",7,21
"19",8,17
"19",9,23
"19",10,20
"19",11,13
"19",12,25
"19",13,22
"19",14,26
"19",15,18
"19",16,21
"19",17,21
"19",18,27
"19",19,21
"19",20,17
"19",21,26
"19",22,17
"19",23,22
"19",24,18
"19",25,11
"19",26,27
"19",27,29
"19",28,35
"19",29,23
"19",30,25
"19",31,19
"19",32,17
"19",33,21
"19",34,22
"19",35,14
"19",36,35
"20",1,30
"20",2,22
"20",3,20
"20",4,21
"20",5,27
"20",6,29
"20",7,26
"20",8,22
"20",9,26
"20",10,27
"20",11,29
"20",12,27
"20",13,15
"20",14,17
"20",15,19
"20",16,24
"20",17,22
"20",18,24
"20",19,21
"20",20,23
"20",21,39
"20",22,16
"20",23,23
"20",24,19
"20",25,12
"20",26,27
"20",27,22
"20",28,16
"20",29,25
"20",30,17
"20",31,19
"20",32,25
"20",33,13
"20",34,23
"20",35,25
"20",36,32
"21",1,26
"21",2,20
"21",3,29
"21",4,27
"21",5,25
"21",6,20
"21",7,22
"21",8,20
"21",9,22
"21",10,24
"21",11,19
"21",12,16
"21",13,27
"21",14,15
"21",15,17
"21",16,23
"21",17,21
"21",18,27
"21",19,26
"21",20,24
"21",21,23
"21",22,28
"21",23,11
"21",24,24
"21",25,21
"21",26,29
"21",27,22
"21",28,22
"21",29,19
"21",30,30
"21",31,24
"21",32,27
"21",33,19
"21",34,23
"21",35,15
"21",36,23
"22",1,15
"22",2,17
"22",3,22
"22",4,29
"22",5,16
"22",6,22
"22",7,26
"22",8,26
"22",9,24
"22",10,17
"22",11,21
"22",12,20
"22",13,15
"22",14,26
"22",15,11
"22",16,18
"22",17,22
"22",18,19
"22",19,23
"22",20,27
"22",21,23
"22",22,19
"22",23,22
"22",24,20
"22",25,26
"22",26,30
"22",27,23
"22",28,24
"22",29,16
"22",30,36
"22",31,30
"22",32,30
"22",33,20
"22",34,25
"22",35,30
"22",36,24
"23",1,19
"23",2,33
"23",3,15
"23",4,29
"23",5,23
"23",6,23
"23",7,27
"23",8,23
"23",9,21
"23",10,18
"23",11,21
"23",12,19
"23",13,19
"23",14,29
"23",15,28
"23",16,15
"23",17,25
"23",18,24
"23",19,22
"23",20,17
"23",21,18
"23",22,19
"23",23,25
"23",24,29
"23",25,20
"23",26,20
"23",27,27
"23",28,21
"23",29,25
"23",30,15
"23",31,23
"23",32,19
"23",33,31
"23",34,23
"23",35,25
"23",36,27
"24",1,32
"24",2,17
"24",3,25
"24",4,24
"24",5,17
"24",6,33
"24",7,24
"24",8,28
"24",9,23
"24",10,17
"24",11,22
"24",12,17
"24",13,23
"24",14,22
"24",15,20
"24",16,26
"24",17,18
"24",18,31
"24",19,23
"24",20,20
"24",21,31
"24",22,25
"24",23,26
"24",24,15
"24",25,22
"24",26,18
"24",27,20
"24",28,26
"24",29,21
"24",30,15
"24",31,20
"24",32,29
"24",33,20
"24",34,25
"24",35,15
"24",36,22
"25",1,17
"25",2,21
"25",3,21
"25",4,17
"25",5,20
"25",6,25
"25",7,19
"25",8,31
"25",9,23
"25",10,17
"25",11,24
"25",12,21
"25",13,19
"25",14,20
"25",15,20
"25",16,17
"25",17,20
"25",18,26
"25",19,20
"25",20,20
"25",21,27
"25",22,21
"25",23,23
"25",24,16
"25",25,19
"25",26,18
"25",27,24
"25",28,22
"25",29,26
"25",30,20
"25",31,20
"25",32,33
"25",33,17
"25",34,18
"25",35,15
"25",36,12
"26",1,19
"26",2,18
"26",3,20
"26",4,20
"26",5,16
"26",6,21
"26",7,24
"26",8,24
"26",9,9
"26",10,26
"26",11,27
"26",12,20
"26",13,20
"26",14,26
"26",15,22
"26",16,22
"26",17,25
"26",18,21
"26",19,25
"26",20,25
"26",21,26
"26",22,24
"26",23,20
"26",24,23
"26",25,24
"26",26,27
"26",27,21
"26",28,23
"26",29,28
"26",30,23
"26",31,22
"26",32,28
"26",33,24
"26",34,18
"26",35,23
"26",36,22
"27",1,29
"27",2,21
"27",3,21
"27",4,22
"27",5,22
"27",6,31
"27",7,24
"27",8,19
"27",9,22
"27",10,24
"27",11,29
"27",12,28
"27",13,29
"27",14,31
"27",15,23
"27",16,26
"27",17,23
"27",18,21
"27",19,19
"27",20,22
"27",21,23
"27",22,26
"27",23,17
"27",24,21
"27",25,23
"27",26,22
"27",27,16
"27",28,30
"27",29,16
"27",30,21
"27",31,25
"27",32,18
"27",33,18
"27",34,27
"27",35,21
"27",36,16
"28",1,19
"28",2,18
"28",3,26
"28",4,27
"28",5,19
"28",6,27
"28",7,22
"28",8,17
"28",9,15
"28",10,25
"28",11,27
"28",12,22
"28",13,23
"28",14,25
"28",15,20
"28",16,18
"28",17,20
"28",18,31
"28",19,16
"28",20,21
"28",21,18
"28",22,26
"28",23,25
"28",24,32
"28",25,29
"28",26,21
"28",27,20
"28",28,26
"28",29,27
"28",30,23
"28",31,21
"28",32,28
"28",33,17
"28",34,30
"28",35,18
"28",36,17
"29",1,15
"29",2,32
"29",3,19
"29",4,24
"29",5,20
"29",6,28
"29",7,16
"29",8,22
"29",9,24
"29",10,16
"29",11,26
"29",12,26
"29",13,20
"29",14,28
"29",15,19
"29",16,24
"29",17,24
"29",18,24
"29",19,17
"29",20,22
"29",21,25
"29",22,22
"29",23,21
"29",24,18
"29",25,29
"29",26,18
"29",27,16
"29",28,17
"29",29,20
"29",30,18
"29",31,19
"29",32,15
"29",33,12
"29",34,25
"29",35,15
"29",36,18
"30",1,15
"30",2,27
"30",3,16
"30",4,16
"30",5,19
"30",6,22
"30",7,22
"30",8,21
"30",9,16
"30",10,15
"30",11,21
"30",12,23
"30",13,17
"30",14,17
"30",15,19
"30",16,19
"30",17,26
"30",18,14
"30",19,14
"30",20,14
"30",21,23
"30",22,22
"30",23,18
"30",24,21
"30",25,23
"30",26,19
"30",27,20
"30",28,17
"30",29,19
"30",30,22
"30",31,19
"30",32,17
"30",33,18
"30",34,20
"30",35,9
"30",36,11
"31",1,14
"31",2,10
"31",3,12
"31",4,13
"31",5,16
"31",6,14
"31",7,15
"31",8,8
"31",9,17
"31",10,7
"31",11,11
"31",12,10
"31",13,14
"31",14,14
"31",15,9
"31",16,7
"31",17,13
"31",18,16
"31",19,14
"31",20,17
"31",21,7
"31",22,16
"31",23,12
"31",24,15
"31",25,12
"31",26,12
"31",27,11
"31",28,22
"31",29,11
"31",30,13
"31",31,15
"31",32,12
"31",33,11
"31",34,14
"31",35,14
"31",36,14
